Pergunta;Opcao1;Opcao2;Opcao3;Opcao4;Opcao5;Correta;Faixa;Midia;CreditoNome;CreditoLink;;CATEGORIA
penalidade leve (orientação);shidō;hansoku-make;chui;keikoku;;shidō;amarela;;Luiz Pavani;instagram.com/luizpavani;;Arbitragem
"""um ponto""";ippon;waza-ari;yuko;ichiban;;ippon;amarela;;Luiz Pavani;instagram.com/luizpavani;;Arbitragem
desclassificação;hansoku-make;shidō;chui;keikoku;;hansoku-make;amarela;;Luiz Pavani;instagram.com/luizpavani;;Arbitragem
existe técnica;waza-ari;ippon;yuko;koka;;waza-ari;laranja;;Luiz Pavani;instagram.com/luizpavani;;Arbitragem
Não se mexa!;Sonomama!;Yoshi!;Hajime!;Mate!;;Sonomama!;cinza;;Luiz Pavani;instagram.com/luizpavani;;Arbitragem
Pare!;Mate!;Hajime!;Yoshi!;Sonomama!;;Mate!;branca;;Luiz Pavani;instagram.com/luizpavani;;Arbitragem
Pare!;Mate!;Hajime!;Yoshi!;Sonomama!;;Mate!;cinza;;Luiz Pavani;instagram.com/luizpavani;;Arbitragem
Qual arte marcial deu origem ao judô?;Jiu-jítsu;Jiu-Jitsu Brasileiro;Sumô;Caratê-dô;;Jiu-jítsu;amarela;;Luiz Pavani;instagram.com/luizpavani;;Historia
"""Nunca te orgulhes de haver derrotado um adversário; o que venceste hoje poderá derrotar-te amanhã. A única vitória que perdura é a que se conquista sobre a própria ______"". Jigorō Kanō";ignorância;perfeição;glória;riquesa;;ignorância;verde;;Luiz Pavani;instagram.com/luizpavani;;Historia
"""Somente se aproxima da ______ quem a procura com constância, sabedoria e sobretudo muita humildade"". Jigorō Kanō";perfeição;glória;riquesa;medalha;;perfeição;verde;;Luiz Pavani;instagram.com/luizpavani;;Historia
Brasileiros medalhistas de ouro em mundiais sênior;João Derly;Tiago Camilo;Luciano Corrêa;Rafaela Silva;Mayra Aguiar;João Derly|Tiago Camilo|Luciano Corrêa|Rafaela Silva|Mayra Aguiar;verde;;Luiz Pavani;instagram.com/luizpavani;;Historia
Brasileiros medalhistas de ouro em olimpíadas;Aurélio Miguel;Rogério Sampaio;Sarah Menezes;Rafaela Silva;Beatriz Souza;Aurélio Miguel|Rogério Sampaio|Sarah Menezes|Rafaela Silva|Beatriz Souza;verde;;Luiz Pavani;instagram.com/luizpavani;;Historia
"Como se chamavam os alunos de Jigorō Kanō que ficaram conhecidos como ""Os Quatro Guardiões da Kōdōkan"" (Kōdōkan Shiten’nō) [na ordem em que entraram na Kōdōkan] ?";Tsunejiro Tomita;Shirō Saigo;Sakujiro Yokoyama;Yoshitsugu Yamashita;;Tsunejiro Tomita|Shirō Saigo|Sakujiro Yokoyama|Yoshitsugu Yamashita;roxa;;Luiz Pavani;instagram.com/luizpavani;;Historia
Depois de Jigorō Kanō, quem foram os Kōdōkanchō (Diretores da Kōdōkan)?;Jirō Nangō;Risei Kanō;Yukimitsu Kanō;Haruki Uemura;;Jirō Nangō|Risei Kanō|Yukimitsu Kanō|Haruki Uemura;roxa;;Luiz Pavani;instagram.com/luizpavani;;Historia
Em quais Jogos Olímpicos o judô brasileiro conquistou sua primeira medalha de ouro?;Seul, 1988;Barcelona, 1992;Rio, 2016;Tóquio, 1964;;Seul, 1988;verde;;Luiz Pavani;instagram.com/luizpavani;;Historia
Em quais Jogos Olímpicos o judô brasileiro conquistou sua primeira medalha?;Munique, 1972;Cidade do México, 1968;Tóquio, 1964;Seul, 1988;;Munique, 1972;laranja;;Luiz Pavani;instagram.com/luizpavani;;Historia
Em quais Jogos Olímpicos o judô feminino fez sua estréia?;Seul, 1988;Tóquio, 1964;Atlanta, 1996;Moscou, 1980;;Seul, 1988;laranja;;Luiz Pavani;instagram.com/luizpavani;;Historia
Em quais Jogos Olímpicos o judô fez sua estréia?;Tóquio, 1964;Tóquio, 1940;Munique, 1972;Seul, 1988;;Tóquio, 1964;amarela;;Luiz Pavani;instagram.com/luizpavani;;Historia
Nome completo da arte marcial criada por Jigorō Kanō;Nihon-den Kōdōkan Jūdō;Jūdō;Kōdōkan Jūdō;Kanō Jūjutsu;;Nihon-den Kōdōkan Jūdō;laranja;;Luiz Pavani;instagram.com/luizpavani;;Historia
Princípios e conceitos básicos do judô: jita-kyōei;Bem-estar e benefício mútuo.;Máxima eficiência no uso da energia.;A suvidade controla a força.;Iniciar e terminar com uma saudação de respeito.;;Bem-estar e benefício mútuo.;amarela;;Luiz Pavani;instagram.com/luizpavani;;Historia
Princípios e conceitos básicos do judô: jū-yoku-gō-o-seisu;A suvidade controla a força.;Máxima eficiência no uso da energia.;Bem-estar e benefício mútuo.;Iniciar e terminar com uma saudação de respeito.;;A suvidade controla a força.;verde;;Luiz Pavani;instagram.com/luizpavani;;Historia
Princípios e conceitos básicos do judô: rei-ni-hajimari-rei-ni-owaru;Iniciar e terminar com uma saudação de respeito.;Máxima eficiência, mínimo esforço.;Bem-estar e benefício mútuo.;A suvidade controla a força.;;Iniciar e terminar com uma saudação de respeito.;roxa;;Luiz Pavani;instagram.com/luizpavani;;Historia
Princípios e conceitos básicos do judô: seiryoku-zen'yō;Máxima eficiência no uso da energia.;Bem-estar e benefício mútuo.;A suvidade controla a força.;Iniciar e terminar com uma saudação de respeito.;;Máxima eficiência no uso da energia.;amarela;;Luiz Pavani;instagram.com/luizpavani;;Historia
Quais os dois principais estilos de jūjutsu que Jigorō Kanō praticou?;Tenjin-Shinyō-ryū;Kitō-ryū;Yōshin-ryū;Kyūshin-ryū;;Tenjin-Shinyō-ryū|Kitō-ryū;verde;;Luiz Pavani;instagram.com/luizpavani;;Historia
Quais os nomes dos mestres de jūjutsu de Jigorō Kanō?;Hachinosuke Fukuda;Masatomo Iso;Tsunetoshi likubo;Genshiro Imai;;Hachinosuke Fukuda|Masatomo Iso|Tsunetoshi likubo;verde;;Luiz Pavani;instagram.com/luizpavani;;Historia
Qual a rota da última viagem de Jigorō Kanō?;Japão - Egito - Europa - América - Japão;Japão - Egito - Japão;Japão - Egito - Austrália - Japão;Japão - Europa - Japão;;Japão - Egito - Europa - América - Japão;azul;;Luiz Pavani;instagram.com/luizpavani;;Historia
Qual o ano de fundação da Kōdōkan, considerado como o ano de criação do judô?;1882;1885;1860;1888;;1882;cinza;;Luiz Pavani;instagram.com/luizpavani;;Historia
Qual o nome da arte que deu origem ao judô?;Brazilian Jiu-Jitsu;Jūjutsu / Jiu-jítsu;Karate;Sumô;;Jūjutsu / Jiu-jítsu;cinza;;Luiz Pavani;instagram.com/luizpavani;;Historia
Qual o nome da instituição fundada por Jigorō Kanō?;Kōdōkan;Federação Internacional de Judô;Eishō-ji;Budōkan;;Kōdōkan;cinza;;Luiz Pavani;instagram.com/luizpavani;;Historia
Qual o nome da mãe de Jigorō Kanō?;Sadako Kanō;Jirosaku Kanō;Yukimitsu Kanō;Risei Kanō;;Sadako Kanō;verde;;Luiz Pavani;instagram.com/luizpavani;;Historia
Qual o nome do pai de Jigorō Kanō?;Mareshiba Shōgenji / Jirōsaku Kanō;Yukimitsu Kanō;Risei Kanō;Sadako Kanō;;Mareshiba Shōgenji / Jirōsaku Kanō;verde;;Luiz Pavani;instagram.com/luizpavani;;Historia
Quando e onde morreu Jigorō Kanō?;4 de maio de 1938, no Hikawa-Maru;4 de maio de 1938, na Kōdōkan;28 de outubro de 1938, na Kōdōkan;28 de outubro de 1938, no Hikawa-Maru;;4 de maio de 1938, no Hikawa-Maru;azul;;Luiz Pavani;instagram.com/luizpavani;;Historia
Quando e onde nasceu Jigorō Kanō?;4 de maio de 1860, Mikage, Kõbe, Hyogo, Japão;28 de outubro de 1860, em Tóquio no Japão;4 de maio de 1860, em Tóquio no Japão;28 de outubro de 1860, Mikage, Kõbe, Hyogo, Japão;;28 de outubro de 1860, Mikage, Kõbe, Hyogo, Japão;azul;;Luiz Pavani;instagram.com/luizpavani;;Historia
Quem criou o judô?;Jigorō Kanō;Morihei Ueshiba;Gichin Funakoshi;Risei Kanō;;Jigorō Kanō;branca;;Luiz Pavani;instagram.com/luizpavani;;Historia
Qual a ordem das técnicas do 1º grupo do Nage-no-Kata?;uki-otoshi;seoi-nage;kata-guruma;ippon-seoi-nage;sumi-otoshi;uki-otoshi|seoi-nage|kata-guruma;amarela;;Luiz Pavani;instagram.com/luizpavani;;Kata
Qual a ordem das técnicas do 2º grupo do Nage-no-Kata?;uki-goshi;tsurikomi-goshi;harai-goshi;ō-goshi;uchi-mata;uki-goshi|harai-goshi|tsurikomi-goshi;laranja;;Luiz Pavani;instagram.com/luizpavani;;Kata
Qual a ordem das técnicas do 3º grupo do Nage-no-Kata?;okuri-ashi-harai;sasae-tsurikomi-ashi ;uchi-mata;de-ashi-harai;harai-goshi;okuri-ashi-harai|sasae-tsurikomi-ashi|uchi-mata;verde;;Luiz Pavani;instagram.com/luizpavani;;Kata
Qual a ordem das técnicas do 4º grupo do Nage-no-Kata?;tomoe-nage;ura-nage;sumi-gaeshi;hikikomi-gaeshi;tawara-gaeshi;tomoe-nage|ura-nage|sumi-gaeshi;roxa;;Luiz Pavani;instagram.com/luizpavani;;Kata
Qual a ordem das técnicas do 5º grupo do Nage-no-Kata?;yoko-gake;yoko-guruma;uki-waza;uki-otoshi;yoko-otoshi;yoko-gake|yoko-guruma|uki-waza;marrom;;Luiz Pavani;instagram.com/luizpavani;;Kata
Qual a ordem das técnicas do 1º grupo do Katame-no-Kata?;kesa-gatame;kata-gatame;kami-shihō-gatame;yoko-shihō-gatame;kuzure-kami-shihō-gatame;kesa-gatame|kata-gatame|kami-shihō-gatame|yoko-shihō-gatame|kuzure-kami-shihō-gatame;verde;;;;;Kata
Qual a ordem das técnicas do 2º grupo do Katame-no-Kata?;kata-jūji-jime;hadaka-jime;okuri-eri-jime;kataha-jime;gyaku-jūji-jime;kata-jūji-jime|hadaka-jime|okuri-eri-jime|kataha-jime|gyaku-jūji-jime;roxa;;;;;Kata
Qual a ordem das técnicas do 3º grupo do Katame-no-Kata?;ude-garami;ude-hishigi-jūji-gatame;ude-hishigi-ude-gatame;ude-hishigi-hiza-gatame;ashi-garami;ude-garami|ude-hishigi-jūji-gatame|ude-hishigi-ude-gatame|ude-hishigi-hiza-gatame|ashi-garami;marrom;;;;;Kata
7;shichi;yon;shi;roku;;shichi;branca;;Luiz Pavani;instagram.com/luizpavani;;Terminologia
42;yon-jū-ni;shi-jū-ni;shichi-jū-ni;shi-ni;;yon-jū-ni;verde;;Luiz Pavani;instagram.com/luizpavani;;Terminologia
1, 2, 3, 4, 5;ichi;ni;san;shi;go;ichi|ni|san|shi|go;branca;;Luiz Pavani;instagram.com/luizpavani;;Terminologia
11, 12, 13, 14, 15;jū-ichi;jū-ni;jū-san;jū-shi;jū-go;jū-ichi|jū-ni|jū-san|jū-shi|jū-go;branca;;Luiz Pavani;instagram.com/luizpavani;;Terminologia
16, 17, 18, 19, 20;jū-roku;jū-shichi;jū-hachi;jū-kyū;ni-jū;jū-roku|jū-shichi|jū-hachi|jū-kyū|ni-jū;branca;;Luiz Pavani;instagram.com/luizpavani;;Terminologia
20, 30, 40, 50, 55;ni-jū;san-jū;yon-jū;go-jū;go-jū-go;ni-jū|san-jū|yon-jū|go-jū|go-jū-go;azul;;Luiz Pavani;instagram.com/luizpavani;;Terminologia
6, 7, 8, 9, 10;roku;shichi;hachi;kyū;jū;roku|shichi|hachi|kyū|jū;branca;;Luiz Pavani;instagram.com/luizpavani;;Terminologia
60, 70, 80, 90, 92;roku-jū;nana-jū;hachi-jū;kyū-jū;kyū-jū-ni;roku-jū|nana-jū|hachi-jū|kyū-jū|kyū-jū-ni;amarela;;Luiz Pavani;instagram.com/luizpavani;;Terminologia
amortecimento de queda de costas;ushiro-ukemi;yoko-ukemi;mae-ukemi;zenpō-kaiten-ukemi;;ushiro-ukemi;azul;;Luiz Pavani;instagram.com/luizpavani;;Terminologia
amortecimento de queda de frente;mae-ukemi;ushiro-ukemi;yoko-ukemi;zenpō-kaiten-ukemi;;mae-ukemi;azul;;Luiz Pavani;instagram.com/luizpavani;;Terminologia
amortecimento de queda de lado;yoko-ukemi;ushiro-ukemi;mae-ukemi;zenpō-kaiten-ukemi;;yoko-ukemi;azul;;Luiz Pavani;instagram.com/luizpavani;;Terminologia
amortecimento de queda em rolamento para a frente;mae-mawari-ukemi / zenpō-kaiten-ukemi;mae-ukemi;ushiro-ukemi;yoko-ukemi;;mae-mawari-ukemi / zenpō-kaiten-ukemi;cinza;;Luiz Pavani;instagram.com/luizpavani;;Terminologia
Atenção!;kiotsuke;kiai;hantei;sentido;;kiotsuke;cinza;;Luiz Pavani;instagram.com/luizpavani;;Terminologia
calça do jūdōgi;shitabaki;uwagi;obi;zōri;;shitabaki;branca;;Luiz Pavani;instagram.com/luizpavani;;Terminologia
casaco do jūdōgi;uwagi;shitabaki;obi;zōri;;uwagi;branca;;Luiz Pavani;instagram.com/luizpavani;;Terminologia
Comece!;Hajime!;Mate!;Yoshi!;Yame!;;Hajime!;branca;;Luiz Pavani;instagram.com/luizpavani;;Terminologia
Comece!;Hajime!;Mate!;Yoshi!;Yame!;;Hajime!;cinza;;Luiz Pavani;instagram.com/luizpavani;;Terminologia
Como é comandada a saudação para mais de um professor no dōjō?;SENSEI-GATA-NI-REI;SENSEIS-NI-REI;SENSEI-NI-REI;REI-SENSEI;;SENSEI-GATA-NI-REI;verde;;Luiz Pavani;instagram.com/luizpavani;;Terminologia
Como se chama a competição de luta no judô?;shiai;MMA;randori;luta;;shiai;cinza;;Luiz Pavani;instagram.com/luizpavani;;Terminologia
"Como se chama a prática de ""repetições de entradas"" de técnicas no judô?";uchi-komi;nage-komi;yakusoku-geiko;randori-geiko;;uchi-komi;azul;;Luiz Pavani;instagram.com/luizpavani;;Terminologia
Como se chama a prática/treinamento livre de judô (a luta no treino)?;randori;shiai;uchikomi;kata;;randori;azul;;Luiz Pavani;instagram.com/luizpavani;;Terminologia
Como se chama o sistema de graduações adotado nas artes marciais pela primeira vez por Jigorō Kanō?;kyū / dan;menkyō;mokuroku;patentes;;kyū / dan;azul;;Luiz Pavani;instagram.com/luizpavani;;Terminologia
Continue!;Yoshi!;Hajime!;Sonomama!;Mate!;;Yoshi!;verde;;Luiz Pavani;instagram.com/luizpavani;;Terminologia
De acordo com a Kōdōkan, como deve ser usado o termo SHIHAN?;Somente como honorífico para Jigorō Kanō.;Como honorífico para os faixas vermelhas.;Como honorífico para todos os kodansha.;Como honorifico para todos os yudansha.;;Somente como honorífico para Jigorō Kanō.;verde;;Luiz Pavani;instagram.com/luizpavani;;Terminologia
de nada;dõitashimashite;arigatō;sumimasen;onegaishimasu;;dõitashimashite;laranja;;Luiz Pavani;instagram.com/luizpavani;;Terminologia
"desculpe; com licença";sumimasen;onegaishimasu;arigatō;dõitashimashite;;sumimasen;azul;;Luiz Pavani;instagram.com/luizpavani;;Terminologia
desequilíbrio em oito direções;happo-no-kuzushi;hachi-no-kuzushi;kuzushi;mae-kuzushi;;happo-no-kuzushi;laranja;;Luiz Pavani;instagram.com/luizpavani;;Terminologia
Em japonês, qual a pronúncia de SENSEI?;"/SENSEE/ com som de ""EE"" no final.";"/SENSEI/ com som de ""El"" no final.";"/SENSII/ com som de ""II"" no final.";"/SENSE/ com som de ""E"" no final.";;"/SENSEE/ com som de ""EE"" no final.";roxa;;Luiz Pavani;instagram.com/luizpavani;;Terminologia
Escolha a melhor representação em japonês para as expressões em português: aquele que aplica a técnica e o que recebe a técnica;tori e uke;azul e branco;sensei e aluno;uke e tori;;tori e uke;branca;;Luiz Pavani;instagram.com/luizpavani;;Terminologia
Escolha a melhor representação em japonês para as expressões em português: local de competição;shiaijō;dōjō;tatami;área;;shiaijō;azul;;Luiz Pavani;instagram.com/luizpavani;;Terminologia
Escolha a melhor representação em japonês para as expressões em português: local de treinamento;dōjō;shiai-jõ;tatami;quadra;;dōjō;cinza;;Luiz Pavani;instagram.com/luizpavani;;Terminologia
faixa do jūdōgi;obi;shitabaki;uwagi;zōri;;obi;branca;;Luiz Pavani;instagram.com/luizpavani;;Terminologia
faixa vermelha e branca;kōhaku-obi;kōdansha;aka-obi;kuro-obi;;kōhaku-obi;verde;;Luiz Pavani;instagram.com/luizpavani;;Terminologia
hyaku;100;1000;50;10;;100;laranja;;Luiz Pavani;instagram.com/luizpavani;;Terminologia
jū-roku;16;60;14;19;;16;azul;;Luiz Pavani;instagram.com/luizpavani;;Terminologia
mão que suspende / mão que puxa;tsurite/hikite;hikite/tsurite;te-waza;migi / hidari;;tsurite/hikite;verde;;Luiz Pavani;instagram.com/luizpavani;;Terminologia
meditação;mokuso;seiza;uwagi;agura;;mokuso;amarela;;Luiz Pavani;instagram.com/luizpavani;;Terminologia
não;iie;hai;yes;no;;iie;amarela;;Luiz Pavani;instagram.com/luizpavani;;Terminologia
obrigado;arigatō;sumimasen;onegaishimasu;dõitashimashite;;arigatō;amarela;;Luiz Pavani;instagram.com/luizpavani;;Terminologia
peça que compõe o local de treinamento;tatami/tatame;colchonete;dōjō;jūdōgi;;tatami/tatame;branca;;Luiz Pavani;instagram.com/luizpavani;;Terminologia
por favor;onegaishimasu;sumimasen;arigatō;dõitashimashite;;onegaishimasu;azul;;Luiz Pavani;instagram.com/luizpavani;;Terminologia
posição sentada de joelhos;seiza;agura;anza;zarei;;seiza;branca;;Luiz Pavani;instagram.com/luizpavani;;Terminologia
posição sentada de joelhos;seiza;agura;anza;zarei;;seiza;cinza;;Luiz Pavani;instagram.com/luizpavani;;Terminologia
posição sentada de pernas cruzadas;agura;chokuritsu;seiza;zarei;;agura;branca;;Luiz Pavani;instagram.com/luizpavani;;Terminologia
posição sentada de pernas cruzadas;agura;chokuritsu;seiza;zarei;;agura;cinza;;Luiz Pavani;instagram.com/luizpavani;;Terminologia
posturas defensivas;jigotai;shizentai;tai-sabaki;shintai;;jigotai;azul;;Luiz Pavani;instagram.com/luizpavani;;Terminologia
posturas naturais;shizentai;jigotai;tai-sabaki;shintai;;shizentai;branca;;Luiz Pavani;instagram.com/luizpavani;;Terminologia
Qual a pronúncia de KESA?;/kessá/ com som de /SS/;/kezá/ com som de /Z/;/kedza/ com som de /DZ/;/kéza/ com som de /Z/;;/kessá/ com som de /SS/;branca;;Luiz Pavani;instagram.com/luizpavani;;Terminologia
Qual a pronúncia de RANDORI?;"/rANDORI/ com ""r"" fraco como em ""oração"" e com todas as sílabas no mesmo tom.";"/RANDORI/ com ""R"" forte como em ""rato"" e com a sílaba tônica no ""DÔ"".";"/rANDORI/ com ""r"" fraco como em ""oração"" e com a sílaba tônica no ""DO"".";"/RANDORI/ com ""R"" forte como em ""rato"" e com todas as sílabas no mesmo tom.";;"/rANDORI/ com ""r"" fraco como em ""oração"" e com todas as sílabas no mesmo tom.";cinza;;Luiz Pavani;instagram.com/luizpavani;;Terminologia
Qual é a pronúncia de OTOSHI?;"/OTOSHI/ com som fechado no primeiro e no segundo ""O"" como em ""vô""";"/OTÓSHI/ com som aberto no segundo ""O"" como em ""vó""";"/OTOSI/ com som de ""SI"" na sílaba final.";"/ÓTÓSHI/ com som aberto no primeiro e no segundo ""O"" como em ""vó""";;"/OTOSHI/ com som fechado no primeiro e no segundo ""O"" como em ""vô""";amarela;;Luiz Pavani;instagram.com/luizpavani;;Terminologia
Qual o significado da palavra judô?;caminho da suavidade;caminho da luta;arte suave;arte da luta;;caminho da suavidade;amarela;;Luiz Pavani;instagram.com/luizpavani;;Terminologia
"quem veio antes; ""professor""";sensei;shihan;sensei-ni;kanchō;;sensei;branca;;Luiz Pavani;instagram.com/luizpavani;;Terminologia
saudação à frente;shōmen-ni-rei;sensei-ni-rei;otagai-ni-rei;rei;;shōmen-ni-rei;cinza;;Luiz Pavani;instagram.com/luizpavani;;Terminologia
saudação ajoelhada;zarei;seiza;ritsurei;rei;;zarei;cinza;;Luiz Pavani;instagram.com/luizpavani;;Terminologia
saudação ao professor;sensei-ni-rei;shōmen-ni-rei;otagai-ni-rei;rei;;sensei-ni-rei;azul;;Luiz Pavani;instagram.com/luizpavani;;Terminologia
saudação em pé;ritsurei;zarei;otagai-ni-rei;rei;;ritsurei;cinza;;Luiz Pavani;instagram.com/luizpavani;;Terminologia
saudação mútua;otagai-ni-rei;sensei-ni-rei;shōmen-ni-rei;rei;;otagai-ni-rei;laranja;;Luiz Pavani;instagram.com/luizpavani;;Terminologia
sim;hai;iie;yes;no;;hai;cinza;;Luiz Pavani;instagram.com/luizpavani;;Terminologia
"Técnica: ""projeção com"" elevação pelo quadril";hane-goshi;uki-goshi;ō-goshi;harai-goshi;;hane-goshi;laranja;;Luiz Pavani;instagram.com/luizpavani;;Terminologia
"Técnica: ""projeção com"" grande rotação";ō-guruma;ashi-guruma;kata-guruma;ō-soto-guruma;;ō-guruma;verde;;Luiz Pavani;instagram.com/luizpavani;;Terminologia
"Técnica: ""projeção com"" grande rotação externa";ō-soto-guruma;ashi-guruma;ō-soto-otoshi;ō-soto-makikomi;;ō-soto-guruma;roxa;;Luiz Pavani;instagram.com/luizpavani;;Terminologia
"Técnica: ""projeção com"" o quadril por trás";ushiro-goshi;utsuri-goshi;tsuri-goshi;ura-nage;;ushiro-goshi;roxa;;Luiz Pavani;instagram.com/luizpavani;;Terminologia
"Técnica: ""projeção com"" puxada pela manga e suspensão do quadril";sode-tsurikomi-goshi;tsurikomi-goshi;tsuri-goshi;harai-goshi;;sode-tsurikomi-goshi;roxa;;Luiz Pavani;instagram.com/luizpavani;;Terminologia
"Técnica: ""projeção com"" rotação nos ombros";kata-guruma;ashi-guruma;ō-soto-guruma;koshi-guruma;;kata-guruma;laranja;;Luiz Pavani;instagram.com/luizpavani;;Terminologia
"Técníca: ""projeção com"" rotação para o lado";yoko-guruma;yoko-wakare;yoko-otoshi;yoko-gake;;yoko-guruma;roxa;;Luiz Pavani;instagram.com/luizpavani;;Terminologia
"Técnica: ""projeção com"" separação de lados";yoko-wakare;yoko-guruma;yoko-otoshi;yoko-gake;;yoko-wakare;roxa;;Luiz Pavani;instagram.com/luizpavani;;Terminologia
"Técnica: ""projeção com"" suspensão pelo quadril";tsuri-goshi;sode-tsurikomi-goshi;tsurikomi-goshi;harai-goshi;;tsuri-goshi;laranja;;Luiz Pavani;instagram.com/luizpavani;;Terminologia
"Técnica: ""projeção com"" troca de quadril";utsuri-goshi;tsuri-goshi;ushiro-goshi;uki-goshi;;utsuri-goshi;verde;;Luiz Pavani;instagram.com/luizpavani;;Terminologia
"Técnica: ""técnica de"" separação com abraço";daki-wakare;yoko-wakare;wakare-jime;kani-basami;;daki-wakare;marrom;;Luiz Pavani;instagram.com/luizpavani;;Terminologia
"Técnica: ""técnica de"" suspensão abraçando";daki-age;yama-arashi;kuchiki-taoshi;yoko-guruma;;daki-age;marrom;;Luiz Pavani;instagram.com/luizpavani;;Terminologia
"Técnica: ""técnica"" centripeta ""com varredura"" interna na coxa";uchi-mata-makikomi;harai-makikomi;hane-makikomi;uchi-makikomi;;uchi-mata-makikomi;marrom;;Luiz Pavani;instagram.com/luizpavani;;Terminologia
"Técnica: ""técnica"" centripeta com elevação ""do quadril""";hane-makikomi;uchi-makikomi;soto-makikomi;harai-makikomi;;hane-makikomi;roxa;;Luiz Pavani;instagram.com/luizpavani;;Terminologia
"Técnica: ""técnica"" centripeta com grande ""ceifada"" externa";ō-soto-makikomi;uchi-makikomi;harai-makikomi;hane-makikomi;;ō-soto-makikomi;marrom;;Luiz Pavani;instagram.com/luizpavani;;Terminologia
"Técnica: ""técnica"" centripeta com varredura ""do quadril""";harai-makikomi;hane-makikomi;uchi-makikomi;soto-makikomi;;harai-makikomi;marrom;;Luiz Pavani;instagram.com/luizpavani;;Terminologia
"Técnica: ""técnica"" centripeta externa";soto-makikomi;uchi-makikomi;hane-makikomi;harai-makikomi;;soto-makikomi;verde;;Luiz Pavani;instagram.com/luizpavani;;Terminologia
"Técnica: ""técnica"" com flutuação no quadril";uki-goshi;ō-goshi;harai-goshi;tsuri-goshi;;uki-goshi;cinza;;Luiz Pavani;instagram.com/luizpavani;;Terminologia
"Técnica: ""técnica"" com puxada e suspensão do quadril";tsurikomi-goshi;sode-tsurikomi-goshi;harai-tsurikomi-ashi;sasae-tsurikomi-ashi;;tsurikomi-goshi;amarela;;Luiz Pavani;instagram.com/luizpavani;;Terminologia
"Técnica: ""variação"" da imobilização do ""manto""";kuzure-kesa-gatame;kesa-gatame;kata-gatame;hon-kesa-gatame;;kuzure-kesa-gatame;laranja;;Luiz Pavani;instagram.com/luizpavani;;Terminologia
"Técnica: ""variação"" da imobilização dos quatro apoios ""pela cabeça""";kuzure-kami-shihō-gatame;kami-shihō-gatame;kuzure-kesa-gatame;tate-shihō-gatame;;kuzure-kami-shihō-gatame;laranja;;Luiz Pavani;instagram.com/luizpavani;;Terminologia
"Técnica: ""varrida"" por entre as coxas";uchi-mata;harai-goshi;ō-uchi-gari;uchi-makikomi;;uchi-mata;amarela;;Luiz Pavani;instagram.com/luizpavani;;Terminologia
Técnica: ceifada com ambas as mãos;morote-gari;sukui-nage;kibisu-gaeshi;kuchiki-taoshi;;morote-gari;roxa;;Luiz Pavani;instagram.com/luizpavani;;Terminologia
Técnica: chave de braço com a axila;ude-hishigi-waki-gatame;ude-hishigi-hara-gatame;ude-hishigi-te-gatame;ude-hishigi-ude-gatame;;ude-hishigi-waki-gatame;azul;;Luiz Pavani;instagram.com/luizpavani;;Terminologia
Técnica: chave de braço com a mão;ude-hishigi-te-gatame;ude-hishigi-hara-gatame;ude-hishigi-waki-gatame;ude-hishigi-ude-gatame;;ude-hishigi-te-gatame;marrom;;Luiz Pavani;instagram.com/luizpavani;;Terminologia
Técnica: chave de braço com a perna;ude-hishigi-ashi-gatame;ude-hishigi-ude-gatame;ude-hishigi-hiza-gatame;ashi-garami;;ude-hishigi-ashi-gatame;marrom;;Luiz Pavani;instagram.com/luizpavani;;Terminologia
Técnica: chave de braço com o braço/mão;ude-hishigi-ude-gatame;ude-hishigi-sankaku-gatame;ude-hishigi-ashi-gatame;ude-hishigi-hiza-gatame;;ude-hishigi-ude-gatame;verde;;Luiz Pavani;instagram.com/luizpavani;;Terminologia
Técnica: chave de braço com o joelho;ude-hishigi-hiza-gatame;ude-hishigi-ude-gatame;ude-hishigi-sankaku-gatame;ude-hishigi-ashi-gatame;;ude-hishigi-hiza-gatame;azul;;Luiz Pavani;instagram.com/luizpavani;;Terminologia
Técnica: chave de braço com o ventre;ude-hishigi-hara-gatame;ude-hishigi-waki-gatame;ude-hishigi-te-gatame;ude-hishigi-ude-gatame;;ude-hishigi-hara-gatame;amarela;;Luiz Pavani;instagram.com/luizpavani;;Terminologia
Técnica: chave de braço em triângulo;ude-hishigi-sankaku-gatame;ude-hishigi-ude-gatame;ude-hishigi-ashi-gatame;ude-hishigi-hiza-gatame;;ude-hishigi-sankaku-gatame;marrom;;Luiz Pavani;instagram.com/luizpavani;;Terminologia
Técnica: domínio do braço estendido em cruz;ude-hishigi-jūji-gatame;ude-hishigi-ude-gatame;ude-hishigi-waki-gatame;ude-hishigi-hara-gatame;;ude-hishigi-jūji-gatame;azul;;Luiz Pavani;instagram.com/luizpavani;;Terminologia
Técnica: enlace da perna;ashi-garami;ude-hishigi-ashi-gatame;ude-hishigi-hiza-gatame;ude-garami;;ashi-garami;roxa;;Luiz Pavani;instagram.com/luizpavani;;Terminologia
Técnica: enlace do braço;ude-garami;ude-hishigi-ude-gatame;ude-hishigi-ashi-gatame;ashi-garami;;ude-garami;cinza;;Luiz Pavani;instagram.com/luizpavani;;Terminologia
"Técnica: esquiva da ""varrida"" entre as coxas";uchi-mata-sukashi;uchi-mata-gaeshi;ō-uchi-gaeshi;kouchi-gaeshi;;uchi-mata-sukashi;marrom;;Luiz Pavani;instagram.com/luizpavani;;Terminologia
Técnica: estrangulamento assimétrico em cruz;kata-jūji-jime;nami-jūji-jime;kataha-jime;gyaku-jūji-jime;;kata-jūji-jime;cinza;;Luiz Pavani;instagram.com/luizpavani;;Terminologia
Técnica: estrangulamento com a gola deslizando;okuri-eri-jime;kataha-jime;hadaka-jime;gyaku-jūji-jime;;okuri-eri-jime;azul;;Luiz Pavani;instagram.com/luizpavani;;Terminologia
Técnica: estrangulamento com ambas as mãos;ryōte-jime;katate-jime;okuri-eri-jime;dō-jime;;ryōte-jime;marrom;;Luiz Pavani;instagram.com/luizpavani;;Terminologia
Técnica: estrangulamento com uma mão;katate-jime;kataha-jime;kata-jūji-jime;ryōte-jime;;katate-jime;laranja;;Luiz Pavani;instagram.com/luizpavani;;Terminologia
Técnica: estrangulamento da separação;wakare-jime;hadaka-jime;tsukkomi-jime;hasami-jime;;wakare-jime;marrom;;Luiz Pavani;instagram.com/luizpavani;;Terminologia
Técnica: estrangulamento de uma lâmina;kataha-jime;katate-jime;kata-jūji-jime;hadaka-jime;;kataha-jime;laranja;;Luiz Pavani;instagram.com/luizpavani;;Terminologia
Técnica: estrangulamento desnudo;hadaka-jime;kataha-jime;okuri-eri-jime;katate-jime;;hadaka-jime;azul;;Luiz Pavani;instagram.com/luizpavani;;Terminologia
Técnica: estrangulamento do tronco;dō-jime;tsukkomi-jime;wakare-jime;jigoku-jime;;dō-jime;marrom;;Luiz Pavani;instagram.com/luizpavani;;Terminologia
Técnica: estrangulamento em cruz invertido;gyaku-jūji-jime;kata-jūji-jime;nami-jūji-jime;kataha-jime;;gyaku-jūji-jime;cinza;;Luiz Pavani;instagram.com/luizpavani;;Terminologia
Técnica: estrangulamento em cruz padrão;nami-jūji-jime;kata-jūji-jime;kataha-jime;gyaku-jūji-jime;;nami-jūji-jime;cinza;;Luiz Pavani;instagram.com/luizpavani;;Terminologia
Técnica: estrangulamento em triângulo;sankaku-jime;okuri-eri-jime;dō-jime;nami-jūji-jime;;sankaku-jime;roxa;;Luiz Pavani;instagram.com/luizpavani;;Terminologia
Técnica: estrangulamento pela pegada;nigiri-jime;tsukkomi-jime;okuri-eri-jime;wakare-jime;;nigiri-jime;marrom;;Luiz Pavani;instagram.com/luizpavani;;Terminologia
Técnica: estrangulamento pela rotação das mangas;sode-guruma-jime;okuri-eri-jime;sankaku-jime;eri-guruma-jime;;sode-guruma-jime;verde;;Luiz Pavani;instagram.com/luizpavani;;Terminologia
Técnica: estrangulamento por invasão;tsukkomi-jime;wakare-jime;okuri-eri-jime;dō-jime;;tsukkomi-jime;marrom;;Luiz Pavani;instagram.com/luizpavani;;Terminologia
Técnica: gancho do sapo;kawazu-gake;kani-basami;yama-arashi;kuchiki-taoshi;;kawazu-gake;marrom;;Luiz Pavani;instagram.com/luizpavani;;Terminologia
Técnica: gancho lateral;yoko-gake;yoko-wakare;yoko-guruma;yoko-otoshi;;yoko-gake;marrom;;Luiz Pavani;instagram.com/luizpavani;;Terminologia
"Técnica: grande ""técnica"" de quadril";ō-goshi;uki-goshi;harai-goshi;tai-otoshi;;ō-goshi;cinza;;Luiz Pavani;instagram.com/luizpavani;;Terminologia
Técnica: grande ceifada externa;ō-soto-gari;ō-uchi-gari;ko-soto-gari;ō-goshi;;ō-soto-gari;amarela;;Luiz Pavani;instagram.com/luizpavani;;Terminologia
Técnica: grande ceifada interna;ō-uchi-gari;ō-soto-gari;ko-uchi-gari;ō-guruma;;ō-uchi-gari;amarela;;Luiz Pavani;instagram.com/luizpavani;;Terminologia
Técnica: grande tombamento externo;ō-soto-otoshi;ō-soto-gari;ō-soto-guruma;ō-soto-makikomi;;ō-soto-otoshi;marrom;;Luiz Pavani;instagram.com/luizpavani;;Terminologia
"Técnica: imobilização do ""manto""";kesa-gatame;kata-gatame;tate-shihō-gatame;hon-kesa-gatame;;kesa-gatame;branca;;Luiz Pavani;instagram.com/luizpavani;;Terminologia
"Técnica: imobilização do ""manto"" de costas";ushiro-kesa-gatame;kesa-gatame;kata-gatame;hon-kesa-gatame;;ushiro-kesa-gatame;laranja;;Luiz Pavani;instagram.com/luizpavani;;Terminologia
"Técnica: imobilização dos quatro apoios ""pela cabeça""";kami-shiho-gatame;yoko-shihō-gatame;tate-shihō-gatame;kata-gatame;;kami-shiho-gatame;azul;;Luiz Pavani;instagram.com/luizpavani;;Terminologia
Técnica: imobilização dos quatro apoios ao comprido;tate-shihō-gatame;kami-shihō-gatame;yoko-shihō-gatame;kata-gatame;;tate-shihō-gatame;amarela;;Luiz Pavani;instagram.com/luizpavani;;Terminologia
Técnica: imobilização dos quatro apoios pelo lado;yoko-shihō-gatame;tate-shihō-gatame;kami-shihō-gatame;kata-gatame;;yoko-shihō-gatame;cinza;;Luiz Pavani;instagram.com/luizpavani;;Terminologia
Técnica: imobilização flutuante;uki-gatame;kesa-gatame;yoko-shihō-gatame;tate-shihō-gatame;;uki-gatame;roxa;;Luiz Pavani;instagram.com/luizpavani;;Terminologia
Técnica: imobilização invertida;ura-gatame;kami-shihō-gatame;tate-shihō-gatame;hon-kesa-gatame;;ura-gatame;verde;;Luiz Pavani;instagram.com/luizpavani;;Terminologia
Técnica: imobilização pelo ombro;kata-gatame;kesa-gatame;yoko-shihō-gatame;kuzure-kesa-gatame;;kata-gatame;amarela;;Luiz Pavani;instagram.com/luizpavani;;Terminologia
Técnica: inversão com domínio pela faixa;obi-tori-gaeshi;hikikomi-gaeshi;sumi-gaeshi;tawara-gaeshi;;obi-tori-gaeshi;marrom;;Luiz Pavani;instagram.com/luizpavani;;Terminologia
Técnica: inversão com puxada para baixo;hikikomi-gaeshi;sumi-gaeshi;obi-torigaeshi;tawara-gaeshi;;hikikomi-gaeshi;marrom;;Luiz Pavani;instagram.com/luizpavani;;Terminologia
"Técnica: inversão da ""projeção com"" elevação pelo quadril";hane-goshi-gaeshi;uchi-mata-gaeshi;harai-goshi-gaeshi;ō-uchi-gaeshi;;hane-goshi-gaeshi;marrom;;Luiz Pavani;instagram.com/luizpavani;;Terminologia
"Técnica: inversão da ""varrida"" entre as coxas";uchi-mata-gaeshi;harai-goshi-gaeshi;hane-goshi-gaeshi;ō-uchi-gaeshi;;uchi-mata-gaeshi;marrom;;Luiz Pavani;instagram.com/luizpavani;;Terminologia
Técnica: inversão da andorinha;tsubame-gaeshi;hikikomi-gaeshi;tawara-gaeshi;sumi-gaeshi;;tsubame-gaeshi;marrom;;Luiz Pavani;instagram.com/luizpavani;;Terminologia
"Técnica: inversão da grande ""ceifada"" externa";ō-soto-gaeshi;ō-uchi-gaeshi;ko-uchi-gaeshi;harai-goshi-gaeshi;;ō-soto-gaeshi;marrom;;Luiz Pavani;instagram.com/luizpavani;;Terminologia
"Técnica: inversão da grande ""ceifada"" interna";ō-uchi-gaeshi;ō-soto-gaeshi;ko-uchi-gaeshi;uchi-mata-gaeshi;;ō-uchi-gaeshi;marrom;;Luiz Pavani;instagram.com/luizpavani;;Terminologia
"Técnica: inversão da pequena ""ceifada"" interna";ko-uchi-gaeshi;ō-uchi-gaeshi;ō-soto-gaeshi;uchi-mata-gaeshi;;ko-uchi-gaeshi;marrom;;Luiz Pavani;instagram.com/luizpavani;;Terminologia
Técnica: inversão da varredura com o quadril;harai-goshi-gaeshi;hane-goshi-gaeshi;uchi-mata-gaeshi;ō-uchi-gaeshi;;harai-goshi-gaeshi;marrom;;Luiz Pavani;instagram.com/luizpavani;;Terminologia
Técnica: inversão do canto;sumi-gaeshi;hikikomi-gaeshi;obi-tori-gaeshi;sumi-otoshi;;sumi-gaeshi;roxa;;Luiz Pavani;instagram.com/luizpavani;;Terminologia
Técnica: inversão do saco de palha;tawara-gaeshi;sumi-gaeshi;obi-tori-gaeshi;hikikomi-gaeshi;;tawara-gaeshi;marrom;;Luiz Pavani;instagram.com/luizpavani;;Terminologia
Técnica: inversão pelo calcanhar;kibisu-gaeshi;morote-gari;sukui-nage;kuchiki-taoshi;;kibisu-gaeshi;marrom;;Luiz Pavani;instagram.com/luizpavani;;Terminologia
"Técnica: pequena ""ceifada"" centripeta interna";ko-uchi-makikomi;soto-makikomi;hane-makikomi;harai-makikomi;;ko-uchi-makikomi;roxa;;Luiz Pavani;instagram.com/luizpavani;;Terminologia
Técnica: pequena ceifada externa;ko-soto-gari;ko-uchi-gari;ō-uchi-gari;ō-soto-gari;;ko-soto-gari;amarela;;Luiz Pavani;instagram.com/luizpavani;;Terminologia
Técnica: pequena ceifada interna;ko-uchi-gari;ō-uchi-gari;ō-soto-gari;ko-soto-gari;;ko-uchi-gari;amarela;;Luiz Pavani;instagram.com/luizpavani;;Terminologia
Técnica: pequeno gancho externo;ko-soto-gake;ko-uchi-gari;yoko-gake;kawazu-gake;;ko-soto-gake;laranja;;Luiz Pavani;instagram.com/luizpavani;;Terminologia
"Técnica: projeção ""circular""";tomoe-nage;seoi-nage;sumi-gaeshi;ippon-seoi-nage;;tomoe-nage;laranja;;Luiz Pavani;instagram.com/luizpavani;;Terminologia
Técnica: projeção carregando nas costas;seoi-nage;seoi-otoshi;ippon-seoi-nage;kata-guruma;;seoi-nage;azul;;Luiz Pavani;instagram.com/luizpavani;;Terminologia
"Técnica: projeção com um ""braço"" carregando nas costas";ippon-seoi-nage;seoi-nage;seoi-otoshi;uchi-mata;;ippon-seoi-nage;laranja;;Luiz Pavani;instagram.com/luizpavani;;Terminologia
Técnica: projeção em colher;sukui-nage;seoi-nage;sumi-gaeshi;tawara-gaeshi;;sukui-nage;marrom;;Luiz Pavani;instagram.com/luizpavani;;Terminologia
Técnica: projeção para trás;ura-nage;ushiro-goshi;utsuri-goshi;yoko-guruma;;ura-nage;roxa;;Luiz Pavani;instagram.com/luizpavani;;Terminologia
Técnica: puxada e suspensão com trancamento do pé de apoio;sasae-tsurikomi-ashi;harai-tsurikomi-ashi;sode-tsurikomi-goshi;tsurikomi-goshi;;sasae-tsurikomi-ashi;azul;;Luiz Pavani;instagram.com/luizpavani;;Terminologia
Técnica: puxada e suspensão com varredura do pé de apoio;harai-tsurikomi-ashi;sasae-tsurikomi-ashi;harai-goshi;tsurikomi-goshi;;harai-tsurikomi-ashi;laranja;;Luiz Pavani;instagram.com/luizpavani;;Terminologia
Técnica: queda da árvore velha;kuchiki-taoshi;yama-arashi;kani-basami;tani-otoshi;;kuchiki-taoshi;marrom;;Luiz Pavani;instagram.com/luizpavani;;Terminologia
Técnica: queda no vale;tani-otoshi;hane-makikomi;kibisu-gaeshi;kani-basami;;tani-otoshi;roxa;;Luiz Pavani;instagram.com/luizpavani;;Terminologia
Técnica: rotação no joelho;hiza-guruma;kata-guruma;sasae-tsurikomi-ashi;ō-soto-guruma;;hiza-guruma;cinza;;Luiz Pavani;instagram.com/luizpavani;;Terminologia
Técnica: rotação no quadril;koshi-guruma;seoi-nage;ō-goshi;harai-goshi;;koshi-guruma;amarela;;Luiz Pavani;instagram.com/luizpavani;;Terminologia
Técnica: rotação sobre a perna;ashi-guruma;ō-guruma;sasae-tsurikomi-ashi;tai-otoshi;;ashi-guruma;laranja;;Luiz Pavani;instagram.com/luizpavani;;Terminologia
Técnica: técnica flutuante;uki-waza;uki-goshi;uki-otoshi;sukui-nage;;uki-waza;roxa;;Luiz Pavani;instagram.com/luizpavani;;Terminologia
Técnica: tempestade na montanha;yama-arashi;kani-basami;tani-otoshi;kuchiki-taoshi;;yama-arashi;marrom;;Luiz Pavani;instagram.com/luizpavani;;Terminologia
Técnica: tesoura do caranguejo;kani-basami;yama-arashi;tani-otoshi;kuchiki-taoshi;;kani-basami;marrom;;Luiz Pavani;instagram.com/luizpavani;;Terminologia
Técnica: tombamento carregando nas costas;seoi-otoshi;seoi-nage;tai-otoshi;sumi-otoshi;;seoi-otoshi;roxa;;Luiz Pavani;instagram.com/luizpavani;;Terminologia
Técnica: tombamento do corpo;tai-otoshi;seoi-otoshi;ō-soto-otoshi;yoko-otoshi;;tai-otoshi;cinza;;Luiz Pavani;instagram.com/luizpavani;;Terminologia
Técnica: tombamento flutuante;uki-otoshi;seoi-otoshi;sumi-otoshi;uki-goshi;;uki-otoshi;azul;;Luiz Pavani;instagram.com/luizpavani;;Terminologia
Técnica: tombamento lateral;yoko-otoshi;yoko-wakare;yoko-guruma;yoko-gake;;yoko-otoshi;laranja;;Luiz Pavani;instagram.com/luizpavani;;Terminologia
Técnica: tombamento para o canto;sumi-otoshi;uki-otoshi;sumi-gaeshi;tai-otoshi;;sumi-otoshi;roxa;;Luiz Pavani;instagram.com/luizpavani;;Terminologia
Técnica: tombamento pela faixa;obi-otoshi;obi-tori-gaeshi;tsuri-goshi;yoko-otoshi;;obi-otoshi;marrom;;Luiz Pavani;instagram.com/luizpavani;;Terminologia
Técnica: varredura com o quadril;harai-goshi;harai-tsurikomi-ashi;ō-goshi;tsuri-goshi;;harai-goshi;verde;;Luiz Pavani;instagram.com/luizpavani;;Terminologia
Técnica: varredura do pé avançado;de-ashi-harai;okuri-ashi-harai;sasae-tsurikomi-ashi;ko-soto-gari;;de-ashi-harai;branca;;Luiz Pavani;instagram.com/luizpavani;;Terminologia
Técnica: varredura dos pés deslizando;okuri-ashi-harai;de-ashi-harai;sasae-tsurikomi-ashi;ko-soto-gari;;okuri-ashi-harai;verde;;Luiz Pavani;instagram.com/luizpavani;;Terminologia
"tori adota a pegada de direita e uke de esquerda (ou vice-versa); também conhecido como ""manga-manga, gola-gola""";kenka-yotsu;ai-yotsu;kumi-kata;pegada cruzada;;kenka-yotsu;laranja;;Luiz Pavani;instagram.com/luizpavani;;Terminologia
uniforme do praticante de judô;jūdōgi;kimono;tatami;uwagi;;jūdōgi;branca;;Luiz Pavani;instagram.com/luizpavani;;Terminologia
Você é o árbitro. O que você marcaria?;ippon;waza-ari;yuko;hansoku-make;nada;ippon;shodan;01-01_.mp4;Luiz Pavani;instagram.com/luizpavani;;Arbitragem
Você é o árbitro. O que você marcaria?;ippon;waza-ari;yuko;hansoku-make;nada;ippon;shodan;01-02_.mp4;Luiz Pavani;instagram.com/luizpavani;;Arbitragem
Você é o árbitro. O que você marcaria?;ippon;waza-ari;yuko;hansoku-make;nada;ippon;shodan;01-03_.mp4;Luiz Pavani;instagram.com/luizpavani;;Arbitragem
Você é o árbitro. O que você marcaria?;ippon;waza-ari;yuko;hansoku-make;nada;ippon;shodan;01-04_.mp4;Luiz Pavani;instagram.com/luizpavani;;Arbitragem
Você é o árbitro. O que você marcaria?;ippon;waza-ari;yuko;hansoku-make;nada;ippon;shodan;01-05_.mp4;Luiz Pavani;instagram.com/luizpavani;;Arbitragem
Você é o árbitro. O que você marcaria?;ippon;waza-ari;yuko;hansoku-make;nada;ippon;shodan;01-06_.mp4;Luiz Pavani;instagram.com/luizpavani;;Arbitragem
Você é o árbitro. O que você marcaria?;ippon;waza-ari;yuko;hansoku-make;nada;ippon;shodan;01-07_.mp4;Luiz Pavani;instagram.com/luizpavani;;Arbitragem
Você é o árbitro. O que você marcaria?;ippon;waza-ari;yuko;hansoku-make;nada;ippon;shodan;01-08_.mp4;Luiz Pavani;instagram.com/luizpavani;;Arbitragem
Você é o árbitro. O que você marcaria?;ippon;waza-ari;yuko;hansoku-make;nada;ippon;shodan;01-09_.mp4;Luiz Pavani;instagram.com/luizpavani;;Arbitragem
Você é o árbitro. O que você marcaria?;ippon;waza-ari;yuko;hansoku-make;nada;ippon;shodan;01-10_.mp4;Luiz Pavani;instagram.com/luizpavani;;Arbitragem
Você é o árbitro. O que você marcaria?;ippon;waza-ari;yuko;hansoku-make;nada;waza-ari;shodan;02-01_.mp4;Luiz Pavani;instagram.com/luizpavani;;Arbitragem
Você é o árbitro. O que você marcaria?;ippon;waza-ari;yuko;hansoku-make;nada;ippon;shodan;02-02_.mp4;Luiz Pavani;instagram.com/luizpavani;;Arbitragem
Você é o árbitro. O que você marcaria?;ippon;waza-ari;yuko;hansoku-make;nada;ippon;shodan;02-03_.mp4;Luiz Pavani;instagram.com/luizpavani;;Arbitragem
Você é o árbitro. O que você marcaria?;ippon;waza-ari;yuko;hansoku-make;nada;waza-ari;shodan;02-04_.mp4;Luiz Pavani;instagram.com/luizpavani;;Arbitragem
Você é o árbitro. O que você marcaria?;ippon;waza-ari;yuko;hansoku-make;nada;waza-ari;shodan;02-05_.mp4;Luiz Pavani;instagram.com/luizpavani;;Arbitragem
Você é o árbitro. O que você marcaria?;ippon;waza-ari;yuko;hansoku-make;nada;waza-ari;shodan;02-06_.mp4;Luiz Pavani;instagram.com/luizpavani;;Arbitragem
Você é o árbitro. O que você marcaria?;ippon;waza-ari;yuko;hansoku-make;nada;ippon;shodan;02-07_.mp4;Luiz Pavani;instagram.com/luizpavani;;Arbitragem
Você é o árbitro. O que você marcaria?;ippon;waza-ari;yuko;hansoku-make;nada;ippon;shodan;02-08_.mp4;Luiz Pavani;instagram.com/luizpavani;;Arbitragem
Você é o árbitro. O que você marcaria?;ippon;waza-ari;yuko;hansoku-make;nada;ippon;shodan;02-09_.mp4;Luiz Pavani;instagram.com/luizpavani;;Arbitragem
Você é o árbitro. O que você marcaria?;ippon;waza-ari;yuko;hansoku-make;nada;waza-ari;shodan;02-10_.mp4;Luiz Pavani;instagram.com/luizpavani;;Arbitragem
Você é o árbitro. O que você marcaria?;ippon;waza-ari;yuko;hansoku-make;nada;waza-ari;shodan;03-01_.mp4;Luiz Pavani;instagram.com/luizpavani;;Arbitragem
Você é o árbitro. O que você marcaria?;ippon;waza-ari;yuko;hansoku-make;nada;waza-ari;shodan;03-02_.mp4;Luiz Pavani;instagram.com/luizpavani;;Arbitragem
Você é o árbitro. O que você marcaria?;ippon;waza-ari;yuko;hansoku-make;nada;waza-ari;shodan;03-03_.mp4;Luiz Pavani;instagram.com/luizpavani;;Arbitragem
Você é o árbitro. O que você marcaria?;ippon;waza-ari;yuko;hansoku-make;nada;waza-ari;shodan;03-04_.mp4;Luiz Pavani;instagram.com/luizpavani;;Arbitragem
Você é o árbitro. O que você marcaria?;ippon;waza-ari;yuko;hansoku-make;nada;waza-ari;shodan;03-05_.mp4;Luiz Pavani;instagram.com/luizpavani;;Arbitragem
Você é o árbitro. O que você marcaria?;ippon;waza-ari;yuko;hansoku-make;nada;waza-ari;shodan;03-06_.mp4;Luiz Pavani;instagram.com/luizpavani;;Arbitragem
Você é o árbitro. O que você marcaria?;ippon;waza-ari;yuko;hansoku-make;nada;waza-ari;shodan;03-07_.mp4;Luiz Pavani;instagram.com/luizpavani;;Arbitragem
Você é o árbitro. O que você marcaria?;ippon;waza-ari;yuko;hansoku-make;nada;waza-ari;shodan;03-08_.mp4;Luiz Pavani;instagram.com/luizpavani;;Arbitragem
Você é o árbitro. O que você marcaria?;ippon;waza-ari;yuko;hansoku-make;nada;waza-ari;shodan;03-09_.mp4;Luiz Pavani;instagram.com/luizpavani;;Arbitragem
Você é o árbitro. O que você marcaria?;ippon;waza-ari;yuko;hansoku-make;nada;waza-ari;shodan;03-10_.mp4;Luiz Pavani;instagram.com/luizpavani;;Arbitragem
Você é o árbitro. O que você marcaria?;ippon;waza-ari;yuko;hansoku-make;nada;yuko;shodan;05-01_.mp4;Luiz Pavani;instagram.com/luizpavani;;Arbitragem
Você é o árbitro. O que você marcaria?;ippon;waza-ari;yuko;hansoku-make;nada;yuko;shodan;05-02_.mp4;Luiz Pavani;instagram.com/luizpavani;;Arbitragem
Você é o árbitro. O que você marcaria?;ippon;waza-ari;yuko;hansoku-make;nada;yuko;shodan;05-03_.mp4;Luiz Pavani;instagram.com/luizpavani;;Arbitragem
Você é o árbitro. O que você marcaria?;ippon;waza-ari;yuko;hansoku-make;nada;yuko;shodan;05-04_.mp4;Luiz Pavani;instagram.com/luizpavani;;Arbitragem
Você é o árbitro. O que você marcaria?;ippon;waza-ari;yuko;hansoku-make;nada;yuko;shodan;05-05_.mp4;Luiz Pavani;instagram.com/luizpavani;;Arbitragem
Você é o árbitro. O que você marcaria?;ippon;waza-ari;yuko;hansoku-make;nada;yuko;shodan;05-06_.mp4;Luiz Pavani;instagram.com/luizpavani;;Arbitragem
Você é o árbitro. O que você marcaria?;ippon;waza-ari;yuko;hansoku-make;nada;yuko;shodan;05-07_.mp4;Luiz Pavani;instagram.com/luizpavani;;Arbitragem
Você é o árbitro. O que você marcaria?;ippon;waza-ari;yuko;hansoku-make;nada;yuko;shodan;05-08_.mp4;Luiz Pavani;instagram.com/luizpavani;;Arbitragem
Você é o árbitro. O que você marcaria?;ippon;waza-ari;yuko;hansoku-make;nada;yuko;shodan;05-09_.mp4;Luiz Pavani;instagram.com/luizpavani;;Arbitragem
Você é o árbitro. O que você marcaria?;ippon;waza-ari;yuko;hansoku-make;nada;yuko;shodan;05-10_.mp4;Luiz Pavani;instagram.com/luizpavani;;Arbitragem
Você é o árbitro. O que você marcaria?;ippon;waza-ari;yuko;hansoku-make;nada;yuko;shodan;05-11_.mp4;Luiz Pavani;instagram.com/luizpavani;;Arbitragem
Você é o árbitro. O que você marcaria?;ippon;waza-ari;yuko;hansoku-make;nada;yuko;shodan;05-12_.mp4;Luiz Pavani;instagram.com/luizpavani;;Arbitragem
Você é o árbitro. O que você marcaria?;ippon;waza-ari;yuko;hansoku-make;nada;yuko;shodan;05-13_.mp4;Luiz Pavani;instagram.com/luizpavani;;Arbitragem
Você é o árbitro. O que você marcaria?;ippon;waza-ari;yuko;hansoku-make;nada;yuko;shodan;05-14_.mp4;Luiz Pavani;instagram.com/luizpavani;;Arbitragem
Você é o árbitro. O que você marcaria?;ippon;waza-ari;yuko;hansoku-make;nada;yuko;shodan;05-15_.mp4;Luiz Pavani;instagram.com/luizpavani;;Arbitragem
Você é o árbitro. O que você marcaria?;ippon;waza-ari;yuko;hansoku-make;nada;yuko;shodan;05-16_.mp4;Luiz Pavani;instagram.com/luizpavani;;Arbitragem
Você é o árbitro. O que você marcaria?;ippon;waza-ari;yuko;hansoku-make;nada;yuko;shodan;05-17_.mp4;Luiz Pavani;instagram.com/luizpavani;;Arbitragem
Você é o árbitro. O que você marcaria?;ippon;waza-ari;yuko;hansoku-make;nada;yuko;shodan;05-18_.mp4;Luiz Pavani;instagram.com/luizpavani;;Arbitragem
Você é o árbitro. O que você marcaria?;ippon;waza-ari;yuko;hansoku-make;nada;yuko;shodan;05-19_.mp4;Luiz Pavani;instagram.com/luizpavani;;Arbitragem
Você é o árbitro. O que você marcaria?;ippon;waza-ari;yuko;hansoku-make;nada;yuko;shodan;05-20_.mp4;Luiz Pavani;instagram.com/luizpavani;;Arbitragem
Você é o árbitro. O que você marcaria?;ippon;waza-ari;yuko;hansoku-make;nada;waza-ari;shodan;04-01_.mp4;Luiz Pavani;instagram.com/luizpavani;;Arbitragem
Você é o árbitro. O que você marcaria?;ippon;waza-ari;yuko;hansoku-make;nada;waza-ari;shodan;04-02_.mp4;Luiz Pavani;instagram.com/luizpavani;;Arbitragem
Você é o árbitro. O que você marcaria?;ippon;waza-ari;yuko;hansoku-make;nada;yuko;shodan;04-03_.mp4;Luiz Pavani;instagram.com/luizpavani;;Arbitragem
Você é o árbitro. O que você marcaria?;ippon;waza-ari;yuko;hansoku-make;nada;waza-ari;shodan;04-04_.mp4;Luiz Pavani;instagram.com/luizpavani;;Arbitragem
Você é o árbitro. O que você marcaria?;ippon;waza-ari;yuko;hansoku-make;nada;waza-ari;shodan;04-05_.mp4;Luiz Pavani;instagram.com/luizpavani;;Arbitragem
Você é o árbitro. O que você marcaria?;ippon;waza-ari;yuko;hansoku-make;nada;waza-ari;shodan;04-06_.mp4;Luiz Pavani;instagram.com/luizpavani;;Arbitragem
Você é o árbitro. O que você marcaria?;ippon;waza-ari;yuko;hansoku-make;nada;waza-ari;shodan;04-07_.mp4;Luiz Pavani;instagram.com/luizpavani;;Arbitragem
Você é o árbitro. O que você marcaria?;ippon;waza-ari;yuko;hansoku-make;nada;waza-ari;shodan;04-08_.mp4;Luiz Pavani;instagram.com/luizpavani;;Arbitragem
Você é o árbitro. O que você marcaria?;ippon;waza-ari;yuko;hansoku-make;nada;waza-ari;shodan;04-09_.mp4;Luiz Pavani;instagram.com/luizpavani;;Arbitragem
Você é o árbitro. O que você marcaria?;ippon;waza-ari;yuko;hansoku-make;nada;yuko;shodan;04-10_.mp4;Luiz Pavani;instagram.com/luizpavani;;Arbitragem
Você é o árbitro. O que você marcaria?;ippon;waza-ari;yuko;hansoku-make;nada;yuko;shodan;04-11_.mp4;Luiz Pavani;instagram.com/luizpavani;;Arbitragem
Você é o árbitro. O que você marcaria?;ippon;waza-ari;yuko;hansoku-make;nada;yuko;shodan;06-01_.mp4;Luiz Pavani;instagram.com/luizpavani;;Arbitragem
Você é o árbitro. O que você marcaria?;ippon;waza-ari;yuko;hansoku-make;nada;nada;shodan;06-02_.mp4;Luiz Pavani;instagram.com/luizpavani;;Arbitragem
Você é o árbitro. O que você marcaria?;ippon;waza-ari;yuko;hansoku-make;nada;nada;shodan;06-03_.mp4;Luiz Pavani;instagram.com/luizpavani;;Arbitragem
Você é o árbitro. O que você marcaria?;ippon;waza-ari;yuko;hansoku-make;nada;nada;shodan;06-04_.mp4;Luiz Pavani;instagram.com/luizpavani;;Arbitragem
Você é o árbitro. O que você marcaria?;ippon;waza-ari;yuko;hansoku-make;nada;yuko;shodan;06-05_.mp4;Luiz Pavani;instagram.com/luizpavani;;Arbitragem
Você é o árbitro. O que você marcaria?;ippon;waza-ari;yuko;hansoku-make;nada;yuko;shodan;06-06_.mp4;Luiz Pavani;instagram.com/luizpavani;;Arbitragem
Você é o árbitro. O que você marcaria?;ippon;waza-ari;yuko;hansoku-make;nada;yuko;shodan;06-07_.mp4;Luiz Pavani;instagram.com/luizpavani;;Arbitragem
Você é o árbitro. O que você marcaria?;ippon;waza-ari;yuko;hansoku-make;nada;nada;shodan;06-08_.mp4;Luiz Pavani;instagram.com/luizpavani;;Arbitragem
Você é o árbitro. O que você marcaria?;ippon;waza-ari;yuko;hansoku-make;nada;yuko;shodan;06-09_.mp4;Luiz Pavani;instagram.com/luizpavani;;Arbitragem
Você é o árbitro. O que você marcaria?;ippon;waza-ari;yuko;hansoku-make;nada;nada;shodan;06-10_.mp4;Luiz Pavani;instagram.com/luizpavani;;Arbitragem
Você é o árbitro. O que você marcaria?;válido;shidō;hansoku-make;;;válido;shodan;07-01_.mp4;Luiz Pavani;instagram.com/luizpavani;;Arbitragem
Você é o árbitro. O que você marcaria?;válido;shidō;hansoku-make;;;válido;shodan;07-02_.mp4;Luiz Pavani;instagram.com/luizpavani;;Arbitragem
Você é o árbitro. O que você marcaria?;válido;shidō;hansoku-make;;;válido;shodan;07-03_.mp4;Luiz Pavani;instagram.com/luizpavani;;Arbitragem
Você é o árbitro. O que você marcaria?;válido;shidō;hansoku-make;;;shidō;shodan;07-04_.mp4;Luiz Pavani;instagram.com/luizpavani;;Arbitragem
Você é o árbitro. O que você marcaria?;válido;shidō;hansoku-make;;;shidō;shodan;07-05_.mp4;Luiz Pavani;instagram.com/luizpavani;;Arbitragem
Você é o árbitro. O que você marcaria?;válido;shidō;hansoku-make;;;shidō;shodan;07-06_.mp4;Luiz Pavani;instagram.com/luizpavani;;Arbitragem
Você é o árbitro. O que você marcaria?;válido;shidō;hansoku-make;;;válido;shodan;07-07_.mp4;Luiz Pavani;instagram.com/luizpavani;;Arbitragem
Você é o árbitro. O que você marcaria?;válido;shidō;hansoku-make;;;válido;shodan;07-08_.mp4;Luiz Pavani;instagram.com/luizpavani;;Arbitragem
Você é o árbitro. O que você marcaria?;válido;shidō;hansoku-make;;;válido;shodan;07-09_.mp4;Luiz Pavani;instagram.com/luizpavani;;Arbitragem
Você é o árbitro. O que você marcaria?;válido;shidō;hansoku-make;;;válido;shodan;07-10_.mp4;Luiz Pavani;instagram.com/luizpavani;;Arbitragem
Você é o árbitro. O que você marcaria?;válido;shidō;hansoku-make;;;válido;shodan;07-11_.mp4;Luiz Pavani;instagram.com/luizpavani;;Arbitragem
Você é o árbitro. O que você marcaria?;válido;shidō;hansoku-make;;;válido;shodan;07-12_.mp4;Luiz Pavani;instagram.com/luizpavani;;Arbitragem
Você é o árbitro. O que você marcaria?;válido;shidō;hansoku-make;;;válido;shodan;07-13_.mp4;Luiz Pavani;instagram.com/luizpavani;;Arbitragem
Você é o árbitro. O que você marcaria?;válido;shidō;hansoku-make;;;válido;shodan;07-14_.mp4;Luiz Pavani;instagram.com/luizpavani;;Arbitragem
Você é o árbitro. O que você marcaria?;válido;shidō;hansoku-make;;;válido;shodan;07-15_.mp4;Luiz Pavani;instagram.com/luizpavani;;Arbitragem
Você é o árbitro. O que você marcaria?;válido;shidō;hansoku-make;;;válido;shodan;07-16_.mp4;Luiz Pavani;instagram.com/luizpavani;;Arbitragem
Você é o árbitro. O que você marcaria?;válido;shidō;hansoku-make;;;válido;shodan;07-17_.mp4;Luiz Pavani;instagram.com/luizpavani;;Arbitragem
Você é o árbitro. O que você marcaria?;válido;shidō;hansoku-make;;;válido;shodan;07-18_.mp4;Luiz Pavani;instagram.com/luizpavani;;Arbitragem
Você é o árbitro. O que você marcaria?;válido;shidō;hansoku-make;;;válido;shodan;07-19_.mp4;Luiz Pavani;instagram.com/luizpavani;;Arbitragem
Você é o árbitro. O que você marcaria?;válido;shidō;hansoku-make;;;válido;shodan;07-20_.mp4;Luiz Pavani;instagram.com/luizpavani;;Arbitragem
Você é o árbitro. O que você marcaria?;válido;shidō;hansoku-make;;;válido;shodan;09-01_.mp4;Luiz Pavani;instagram.com/luizpavani;;Arbitragem
Você é o árbitro. O que você marcaria?;válido;shidō;hansoku-make;;;válido;shodan;09-02_.mp4;Luiz Pavani;instagram.com/luizpavani;;Arbitragem
Você é o árbitro. O que você marcaria?;válido;shidō;hansoku-make;;;válido;shodan;09-03_.mp4;Luiz Pavani;instagram.com/luizpavani;;Arbitragem
Você é o árbitro. O que você marcaria?;válido;shidō;hansoku-make;;;válido;shodan;09-04_.mp4;Luiz Pavani;instagram.com/luizpavani;;Arbitragem
Você é o árbitro. O que você marcaria?;válido;shidō;hansoku-make;;;válido;shodan;09-05_.mp4;Luiz Pavani;instagram.com/luizpavani;;Arbitragem
Você é o árbitro. O que você marcaria?;válido;shidō;hansoku-make;;;válido;shodan;09-06_.mp4;Luiz Pavani;instagram.com/luizpavani;;Arbitragem
Você é o árbitro. O que você marcaria?;válido;shidō;hansoku-make;;;shidō;shodan;09-07_.mp4;Luiz Pavani;instagram.com/luizpavani;;Arbitragem
Você é o árbitro. O que você marcaria?;válido;shidō;hansoku-make;;;shidō;shodan;09-08_.mp4;Luiz Pavani;instagram.com/luizpavani;;Arbitragem
Você é o árbitro. O que você marcaria?;válido;shidō;hansoku-make;;;shidō;shodan;09-09_.mp4;Luiz Pavani;instagram.com/luizpavani;;Arbitragem
Você é o árbitro. O que você marcaria?;válido;shidō;hansoku-make;;;shidō;shodan;09-10_.mp4;Luiz Pavani;instagram.com/luizpavani;;Arbitragem
Você é o árbitro. O que você marcaria?;válido;shidō;hansoku-make;;;hansoku-make;shodan;10-01_.mp4;Luiz Pavani;instagram.com/luizpavani;;Arbitragem
Você é o árbitro. O que você marcaria?;válido;shidō;hansoku-make;;;hansoku-make;shodan;10-02_.mp4;Luiz Pavani;instagram.com/luizpavani;;Arbitragem
Você é o árbitro. O que você marcaria?;válido;shidō;hansoku-make;;;hansoku-make;shodan;10-03_.mp4;Luiz Pavani;instagram.com/luizpavani;;Arbitragem
Você é o árbitro. O que você marcaria?;válido;shidō;hansoku-make;;;hansoku-make;shodan;10-04_.mp4;Luiz Pavani;instagram.com/luizpavani;;Arbitragem
Você é o árbitro. O que você marcaria?;válido;shidō;hansoku-make;;;hansoku-make;shodan;10-05_.mp4;Luiz Pavani;instagram.com/luizpavani;;Arbitragem
Você é o árbitro. O que você marcaria?;válido;shidō;hansoku-make;;;shidō;shodan;10-06_.mp4;Luiz Pavani;instagram.com/luizpavani;;Arbitragem
Você é o árbitro. O que você marcaria?;válido;shidō;hansoku-make;;;shidō;shodan;10-07_.mp4;Luiz Pavani;instagram.com/luizpavani;;Arbitragem
Você é o árbitro. O que você marcaria?;válido;shidō;hansoku-make;;;shidō;shodan;10-08_.mp4;Luiz Pavani;instagram.com/luizpavani;;Arbitragem
Você é o árbitro. O que você marcaria?;válido;shidō;hansoku-make;;;válido;shodan;10-09_.mp4;Luiz Pavani;instagram.com/luizpavani;;Arbitragem
Você é o árbitro. O que você marcaria?;válido;shidō;hansoku-make;;;hansoku-make;shodan;08-01_.mp4;Luiz Pavani;instagram.com/luizpavani;;Arbitragem
Você é o árbitro. O que você marcaria?;válido;shidō;hansoku-make;;;hansoku-make;shodan;08-02_.mp4;Luiz Pavani;instagram.com/luizpavani;;Arbitragem
Você é o árbitro. O que você marcaria?;válido;shidō;hansoku-make;;;hansoku-make;shodan;08-03_.mp4;Luiz Pavani;instagram.com/luizpavani;;Arbitragem
Você é o árbitro. O que você marcaria?;válido;shidō;hansoku-make;;;hansoku-make;shodan;08-04_.mp4;Luiz Pavani;instagram.com/luizpavani;;Arbitragem
Você é o árbitro. O que você marcaria?;válido;shidō;hansoku-make;;;válido;shodan;08-05_.mp4;Luiz Pavani;instagram.com/luizpavani;;Arbitragem
Você é o árbitro. O que você marcaria?;válido;shidō;hansoku-make;;;válido;shodan;08-06_.mp4;Luiz Pavani;instagram.com/luizpavani;;Arbitragem
Você é o árbitro. O que você marcaria?;válido;shidō;hansoku-make;;;válido;shodan;08-07_.mp4;Luiz Pavani;instagram.com/luizpavani;;Arbitragem
Você é o árbitro. O que você marcaria?;ippon;shidō;hansoku-make;waza-ari;yuko;ippon;shodan;08-08_.mp4;Luiz Pavani;instagram.com/luizpavani;;Arbitragem
Você é o árbitro. O que você marcaria?;válido;shidō;hansoku-make;;;válido;shodan;08-09_.mp4;Luiz Pavani;instagram.com/luizpavani;;Arbitragem
Você é o árbitro. O que você marcaria?;válido;shidō;hansoku-make;;;válido;shodan;11-01_.mp4;Luiz Pavani;instagram.com/luizpavani;;Arbitragem
Você é o árbitro. O que você marcaria?;válido;shidō;hansoku-make;;;válido;shodan;11-02_.mp4;Luiz Pavani;instagram.com/luizpavani;;Arbitragem
Você é o árbitro. O que você marcaria?;válido;shidō;hansoku-make;;;válido;shodan;11-03_.mp4;Luiz Pavani;instagram.com/luizpavani;;Arbitragem
Você é o árbitro. O que você marcaria?;válido;shidō;hansoku-make;;;válido;shodan;11-04_.mp4;Luiz Pavani;instagram.com/luizpavani;;Arbitragem
Você é o árbitro. O que você marcaria?;válido;shidō;hansoku-make;;;válido;shodan;11-05_.mp4;Luiz Pavani;instagram.com/luizpavani;;Arbitragem
Você é o árbitro. O que você marcaria?;válido;shidō;hansoku-make;;;válido;shodan;11-06_.mp4;Luiz Pavani;instagram.com/luizpavani;;Arbitragem
Você é o árbitro. O que você marcaria?;válido;shidō;hansoku-make;;;válido;shodan;11-07_.mp4;Luiz Pavani;instagram.com/luizpavani;;Arbitragem
Você é o árbitro. O que você marcaria?;válido;shidō;hansoku-make;;;válido;shodan;11-08_.mp4;Luiz Pavani;instagram.com/luizpavani;;Arbitragem
Você é o árbitro. O que você marcaria?;válido;shidō;hansoku-make;;;válido;shodan;11-09_.mp4;Luiz Pavani;instagram.com/luizpavani;;Arbitragem
Você é o árbitro. O que você marcaria?;válido;shidō;hansoku-make;;;válido;shodan;11-10_.mp4;Luiz Pavani;instagram.com/luizpavani;;Arbitragem
Você é o árbitro. O que você marcaria?;válido;shidō;hansoku-make;;;shidō;shodan;12-01_.mp4;Luiz Pavani;instagram.com/luizpavani;;Arbitragem
Você é o árbitro. O que você marcaria?;válido;shidō;hansoku-make;;;shidō;shodan;12-02_.mp4;Luiz Pavani;instagram.com/luizpavani;;Arbitragem
Você é o árbitro. O que você marcaria?;válido;shidō;hansoku-make;;;shidō;shodan;12-03_.mp4;Luiz Pavani;instagram.com/luizpavani;;Arbitragem
Você é o árbitro. O que você marcaria?;válido;shidō;hansoku-make;;;shidō;shodan;12-04_.mp4;Luiz Pavani;instagram.com/luizpavani;;Arbitragem
Você é o árbitro. O que você marcaria?;válido;shidō;hansoku-make;;;shidō;shodan;12-05_.mp4;Luiz Pavani;instagram.com/luizpavani;;Arbitragem
Você é o árbitro. O que você marcaria?;válido;shidō;hansoku-make;;;shidō;shodan;12-06_.mp4;Luiz Pavani;instagram.com/luizpavani;;Arbitragem
Você é o árbitro. O que você marcaria?;ponto;shidō;hansoku-make;nada;;nada;shodan;13-01_.mp4;Luiz Pavani;instagram.com/luizpavani;;Arbitragem
Você é o árbitro. O que você marcaria?;ponto;shidō;hansoku-make;nada;;ponto;shodan;13-02_.mp4;Luiz Pavani;instagram.com/luizpavani;;Arbitragem
Você é o árbitro. O que você marcaria?;ponto;shidō;hansoku-make;nada;;nada;shodan;13-03_.mp4;Luiz Pavani;instagram.com/luizpavani;;Arbitragem
Você é o árbitro. O que você marcaria?;ponto;shidō;hansoku-make;nada;;nada;shodan;13-04_.mp4;Luiz Pavani;instagram.com/luizpavani;;Arbitragem
Você é o árbitro. O que você marcaria?;ponto;shidō;hansoku-make;nada;;ponto;shodan;13-05_.mp4;Luiz Pavani;instagram.com/luizpavani;;Arbitragem
Você é o árbitro. O que você marcaria?;ponto;shidō;hansoku-make;nada;;nada;shodan;13-06_.mp4;Luiz Pavani;instagram.com/luizpavani;;Arbitragem
Você é o árbitro. O que você marcaria?;ponto;shidō;hansoku-make;nada;;shidō;shodan;13-07_.mp4;Luiz Pavani;instagram.com/luizpavani;;Arbitragem
Você é o árbitro. O que você marcaria?;ponto;shidō;hansoku-make;nada;;shidō;shodan;13-08_.mp4;Luiz Pavani;instagram.com/luizpavani;;Arbitragem
Você é o árbitro. O que você marcaria?;ponto;shidō;hansoku-make;nada;;nada;shodan;13-09_.mp4;Luiz Pavani;instagram.com/luizpavani;;Arbitragem
Você é o árbitro. O que você marcaria?;ponto;shidō;hansoku-make;nada;;nada;shodan;13-10_.mp4;Luiz Pavani;instagram.com/luizpavani;;Arbitragem
Você é o árbitro. O que você marcaria?;ponto;shidō;mate;nada;;nada;shodan;14-01_.mp4;Luiz Pavani;instagram.com/luizpavani;;Arbitragem
Você é o árbitro. O que você marcaria?;ponto;shidō;mate;nada;;nada;shodan;14-02_.mp4;Luiz Pavani;instagram.com/luizpavani;;Arbitragem
Você é o árbitro. O que você marcaria?;ponto;shidō;mate;nada;;ponto;shodan;14-03_.mp4;Luiz Pavani;instagram.com/luizpavani;;Arbitragem
Você é o árbitro. O que você marcaria?;ponto;shidō;mate;nada;;shidō;shodan;14-04_.mp4;Luiz Pavani;instagram.com/luizpavani;;Arbitragem
Você é o árbitro. O que você marcaria?;ponto;shidō;mate;nada;;shidō;shodan;14-05_.mp4;Luiz Pavani;instagram.com/luizpavani;;Arbitragem
Você é o árbitro. O que você marcaria?;ponto;shidō;mate;nada;;shidō;shodan;14-06_.mp4;Luiz Pavani;instagram.com/luizpavani;;Arbitragem
Você é o árbitro. O que você marcaria?;ponto;shidō;mate;nada;;nada;shodan;14-07_.mp4;Luiz Pavani;instagram.com/luizpavani;;Arbitragem
Você é o árbitro. O que você marcaria?;ponto;shidō;mate;nada;;nada;shodan;14-08_.mp4;Luiz Pavani;instagram.com/luizpavani;;Arbitragem
Você é o árbitro. O que você marcaria?;ponto;shidō;mate;nada;;nada;shodan;14-09_.mp4;Luiz Pavani;instagram.com/luizpavani;;Arbitragem
Você é o árbitro. O que você marcaria?;ponto;shidō;mate;nada;;nada;shodan;14-10_.mp4;Luiz Pavani;instagram.com/luizpavani;;Arbitragem
Você é o árbitro. O que você marcaria?;ponto;shidō;mate;nada;;shidō;shodan;14-11_.mp4;Luiz Pavani;instagram.com/luizpavani;;Arbitragem
Você é o árbitro. O que você marcaria?;ponto;shidō;mate;nada;;nada;shodan;14-12_.mp4;Luiz Pavani;instagram.com/luizpavani;;Arbitragem
Você é o árbitro. O que você marcaria?;ponto;shidō;mate;nada;;shido;shodan;14-13_.mp4;Luiz Pavani;instagram.com/luizpavani;;Arbitragem
Você é o árbitro. O que você marcaria?;ponto;shidō;mate;nada;;mate;shodan;14-14_.mp4;Luiz Pavani;instagram.com/luizpavani;;Arbitragem
Você é o árbitro. O que você marcaria?;ponto;shidō;mate;nada;;nada;shodan;14-15_.mp4;Luiz Pavani;instagram.com/luizpavani;;Arbitragem
Você é o árbitro. O que você marcaria?;ponto;shidō;mate;nada;;shidō;shodan;14-16_.mp4;Luiz Pavani;instagram.com/luizpavani;;Arbitragem
Qual técnica está sendo demonstrada nessa imagem?;ō-uchi-gari;ko-uchi-gari;uchi-mata;ō-soto-gari;;ō-uchi-gari;amarela;1-7o-uchi-gari.png;Luiz Pavani;instagram.com/luizpavani;;Waza
Qual técnica está sendo demonstrada nessa imagem?;sasae-tsurikomi-ashi;hiza-guruma;ashi-guruma;okuri-ashi-harai;;sasae-tsurikomi-ashi;amarela;1-3sasae-tsurikomi-ashi.png;Luiz Pavani;instagram.com/luizpavani;;Waza
Qual técnica está sendo demonstrada nessa imagem?;ko-uchi-gari;ko-soto-gari;ō-uchi-gari;tsubame-gaeshi;;ko-uchi-gari;amarela;2-2ko-uchi-gari.png;Luiz Pavani;instagram.com/luizpavani;;Waza
Qual técnica está sendo demonstrada nessa imagem?;ō-soto-gari;ō-soto-otoshi;ō-soto-guruma;ō-soto-makikomi;;ō-soto-gari;amarela;1-5o-soto-gari.png;Luiz Pavani;instagram.com/luizpavani;;Waza
Qual técnica está sendo demonstrada nessa imagem?;ippon-seoi-nage;seoi-nage;seoi-otoshi;ippon;;ippon-seoi-nage;amarela;7-18ippon-seoi-nage.png;Luiz Pavani;instagram.com/luizpavani;;Waza
Qual técnica está sendo demonstrada nessa imagem?;tsurikomi-goshi;tsuri-goshi;sode-tsurikomi-goshi;utsuri-goshi;;tsurikomi-goshi;amarela;2-4tsurikomi-goshi.png;Luiz Pavani;instagram.com/luizpavani;;Waza
Qual técnica está sendo demonstrada nessa imagem?;uchi-mata;tsurikomi-goshi;harai-goshi;uchi-mata-makikomi;;uchi-mata;amarela;2-8uchi-mata.png;Luiz Pavani;instagram.com/luizpavani;;Waza
Qual técnica está sendo demonstrada nessa imagem?;ko-soto-gari;ko-uchi-gari;ko-soto-gake;okuri-ashi-harai;;ko-soto-gari;azul;2-1ko-soto-gari.png;Luiz Pavani;instagram.com/luizpavani;;Waza
Qual técnica está sendo demonstrada nessa imagem?;koshi-guruma;ō-goshi;tsurikomi-goshi;uki-goshi;;koshi-guruma;azul;2-3koshi-guruma.png;Luiz Pavani;instagram.com/luizpavani;;Waza
Qual técnica está sendo demonstrada nessa imagem?;seoi-nage;seoi-otoshi;ippon-seoi-nage;uchi-makikomi;;seoi-nage;azul;1-8seoi-nage.png;Luiz Pavani;instagram.com/luizpavani;;Waza
Qual técnica está sendo demonstrada nessa imagem?;uki-otoshi;tai-otoshi;yoko-otoshi;tani-otoshi;;uki-otoshi;azul;09-09_.mp4;Luiz Pavani;instagram.com/luizpavani;;Waza
Qual técnica está sendo demonstrada nessa imagem?;ō-goshi;harai-goshi;tsurikomi-goshi;koshi-guruma;;ō-goshi;branca;1-6o-goshi.png;Luiz Pavani;instagram.com/luizpavani;;Waza
Qual técnica está sendo demonstrada nessa imagem?;de-ashi-harai;ko-uchi-gari;ko-soto-gake;okuri-ashi-harai;;de-ashi-harai;branca;1-1de-ashi-harai.png;Luiz Pavani;instagram.com/luizpavani;;Waza
Qual técnica está sendo demonstrada nessa imagem?;uki-goshi;harai-goshi;tsurikomi-goshi;koshi-guruma;;uki-goshi;cinza;1-4uki-goshi.png;Luiz Pavani;instagram.com/luizpavani;;Waza
Qual técnica está sendo demonstrada nessa imagem?;tai-otoshi;ashi-guruma;harai-goshi;seoi-otoshi;;tai-otoshi;cinza;2-6tai-otoshi.png;Luiz Pavani;instagram.com/luizpavani;;Waza
Qual técnica está sendo demonstrada nessa imagem?;hiza-guruma;sasae-tsurikomi-ashi;harai-tsurikomi-ashi;okuri-ashi-harai;;hiza-guruma;cinza;1-2hiza-guruma.png;Luiz Pavani;instagram.com/luizpavani;;Waza
Qual técnica está sendo demonstrada nessa imagem?;hane-goshi;harai-goshi;yama-arashi;koshi-guruma;;hane-goshi;laranja;3-5hane-goshi.png;Luiz Pavani;instagram.com/luizpavani;;Waza
Qual técnica está sendo demonstrada nessa imagem?;ō-guruma;harai-goshi;ashi-guruma;tai-otoshi;;ō-guruma;laranja;4-6o-guruma.png;Luiz Pavani;instagram.com/luizpavani;;Waza
Qual técnica está sendo demonstrada nessa imagem?;harai-tsurikomi-ashi;ko-soto-gari;ko-soto-gake;ō-soto-gari;;harai-tsurikomi-ashi;laranja;3-6harai-tsurikomi-ashi.png;Luiz Pavani;instagram.com/luizpavani;;Waza
Qual técnica está sendo demonstrada nessa imagem?;ko-soto-gake;ko-soto-gari;de-ashi-harai;ō-soto-gari;;ko-soto-gake;laranja;3-1ko-soto-gake.png;Luiz Pavani;instagram.com/luizpavani;;Waza
Qual técnica está sendo demonstrada nessa imagem?;ashi-guruma;ō-guruma;harai-goshi;ō-soto-gari;;ashi-guruma;laranja;3-4ashi-guruma.png;Luiz Pavani;instagram.com/luizpavani;;Waza
Qual técnica está sendo demonstrada nessa imagem?;tomoe-nage;sumi-gaeshi;yoko-otoshi;uki-waza;;tomoe-nage;laranja;3-7tomoe-nage.png;Luiz Pavani;instagram.com/luizpavani;;Waza
Qual técnica está sendo demonstrada nessa imagem?;yoko-otoshi;sumi-otoshi;yoko-wakare;uki-otoshi;;yoko-otoshi;laranja;3-3yoko-otoshi.png;Luiz Pavani;instagram.com/luizpavani;;Waza
Qual técnica está sendo demonstrada nessa imagem?;tsuri-goshi;tsurikomi-goshi;harai-goshi;utsuri-goshi;;tsuri-goshi;laranja;3-2tsuri-goshi.png;Luiz Pavani;instagram.com/luizpavani;;Waza
Qual técnica está sendo demonstrada nessa imagem?;kata-guruma;uki-waza;tawara-gaeshi;morote-gari;;kata-guruma;laranja;3-8kata-guruma.png;Luiz Pavani;instagram.com/luizpavani;;Waza
Qual técnica está sendo demonstrada nessa imagem?;daki-wakare;daki-age;yoko-wakare;yoko-otoshi;;daki-wakare;marrom;6-5daki-wakare.png;Luiz Pavani;instagram.com/luizpavani;;Waza
Qual técnica está sendo demonstrada nessa imagem?;tawara-gaeshi;daki-age;daki-wakare;sumi-gaeshi;;tawara-gaeshi;marrom;6-7tawara-gaeshi.png;Luiz Pavani;instagram.com/luizpavani;;Waza
Qual técnica está sendo demonstrada nessa imagem?;yama-arashi;harai-goshi;eri-seoi-nage;tai-otoshi;;yama-arashi;marrom;6-3yama-arashi.png;Luiz Pavani;instagram.com/luizpavani;;Waza
Qual técnica está sendo demonstrada nessa imagem?;uchi-mata-gaeshi;harai-goshi-gaeshi;hane-goshi-gaeshi;ko-uchi-gaeshi;;uchi-mata-gaeshi;marrom;7-10uchi-mata-gaeshi.png;Luiz Pavani;instagram.com/luizpavani;;Waza
Qual técnica está sendo demonstrada nessa imagem?;hane-goshi-gaeshi;harai-goshi-gaeshi;ko-uchi-gaeshi;ō-uchi-gaeshi;;hane-goshi-gaeshi;marrom;7-11hane-goshi-gaeshi.png;Luiz Pavani;instagram.com/luizpavani;;Waza
Qual técnica está sendo demonstrada nessa imagem?;tsubame-gaeshi;ko-soto-gari;sasae-tsurikomi-ashi;okuri-ashi-harai;;tsubame-gaeshi;marrom;7-5tsubame-gaeshi.png;Luiz Pavani;instagram.com/luizpavani;;Waza
Qual técnica está sendo demonstrada nessa imagem?;ō-uchi-gaeshi;ko-uchi-gaeshi;uchi-mata-gaeshi;harai-goshi-gaeshi;;ō-uchi-gaeshi;marrom;7-7o-uchi-gaeshi.png;Luiz Pavani;instagram.com/luizpavani;;Waza
Qual técnica está sendo demonstrada nessa imagem?;ō-soto-gaeshi;ko-uchi-gaeshi;uchi-mata-gaeshi;harai-goshi-gaeshi;;ō-soto-gaeshi;marrom;7-8o-soto-gaeshi.png;Luiz Pavani;instagram.com/luizpavani;;Waza
Qual técnica está sendo demonstrada nessa imagem?;harai-goshi-gaeshi;ko-uchi-gaeshi;uchi-mata-gaeshi;hane-goshi-gaeshi;;harai-goshi-gaeshi;marrom;7-9harai-goshi-gaeshi.png;Luiz Pavani;instagram.com/luizpavani;;Waza
Qual técnica está sendo demonstrada nessa imagem?;kibisu-gaeshi;kuchiki-taoshi;morote-gari;sukui-nage;;kibisu-gaeshi;marrom;7-3kibisu-gaeshi.png;Luiz Pavani;instagram.com/luizpavani;;Waza
Qual técnica está sendo demonstrada nessa imagem?;kuchiki-taoshi;morote-gari;kibisu-gaeshi;sukui-nage;;kuchiki-taoshi;marrom;7-2kuchiki-taoshi.png;Luiz Pavani;instagram.com/luizpavani;;Waza
Qual técnica está sendo demonstrada nessa imagem?;obi-tori-gaeshi;morote-gari;kibisu-gaeshi;kuchiki-taoshi;;obi-tori-gaeshi;marrom;7-19obi-tori-gaeshi.png;Luiz Pavani;instagram.com/luizpavani;;Waza
Qual técnica está sendo demonstrada nessa imagem?;ō-soto-otoshi;ō-soto-gari;ō-soto-guruma;tai-otoshi;;ō-soto-otoshi;marrom;6-4o-soto-otoshi.png;Luiz Pavani;instagram.com/luizpavani;;Waza
Qual técnica está sendo demonstrada nessa imagem?;ko-uchi-gaeshi;ō-uchi-gaeshi;uchi-mata-gaeshi;harai-goshi-gaeshi;;ko-uchi-gaeshi;marrom;7-6ko-uchi-gaeshi.png;Luiz Pavani;instagram.com/luizpavani;;Waza
Qual técnica está sendo demonstrada nessa imagem?;kawazu-gake;ō-uchi-gari;ko-uchi-gari;uchi-mata;;kawazu-gake;marrom;7-14kawazu-gake.png;Luiz Pavani;instagram.com/luizpavani;;Waza
Qual técnica está sendo demonstrada nessa imagem?;obi-otoshi;obi-tori-gaeshi;te-guruma;tani-otoshi;;obi-otoshi;marrom;6-1obi-otoshi.png;Luiz Pavani;instagram.com/luizpavani;;Waza
Qual técnica está sendo demonstrada nessa imagem?;uchi-makikomi;seoi-nage;soto-makikomi;ippon-seoi-nage;;uchi-makikomi;marrom;6-8uchi-makikomi.png;Luiz Pavani;instagram.com/luizpavani;;Waza
Qual técnica está sendo demonstrada nessa imagem?;ō-soto-makikomi;soto-makikomi;ō-soto-gari;uchi-mata-makikomi;;ō-soto-makikomi;marrom;7-13o-soto-makikomi.png;Luiz Pavani;instagram.com/luizpavani;;Waza
Qual técnica está sendo demonstrada nessa imagem?;hikikomi-gaeshi;sumi-gaeshi;obi-tori-gaeshi;tomoe-nage;;hikikomi-gaeshi;marrom;6-6hikikomi-gaeshi.png;Luiz Pavani;instagram.com/luizpavani;;Waza
Qual técnica está sendo demonstrada nessa imagem?;uchi-mata-sukashi;sumi-otoshi;uchi-mata-gaeshi;não há técnica;;uchi-mata-sukashi;marrom;7-4uchi-mata-sukashi.png;Luiz Pavani;instagram.com/luizpavani;;Waza
Qual técnica está sendo demonstrada nessa imagem?;kani-basami;tawara-gaeshi;hikikomi-gaeshi;obitori-gaeshi;;kani-basami;marrom;7-12kani-basami.png;Luiz Pavani;instagram.com/luizpavani;;Waza
Qual técnica está sendo demonstrada nessa imagem?;uchi-mata-makikomi;uchi-mata;uchi-mata-gaeshi;uchi-mata-sukashi;;uchi-mata-makikomi;marrom;7-16uchi-mata-makikomi;Luiz Pavani;instagram.com/luizpavani;;Waza
Qual técnica está sendo demonstrada nessa imagem?;harai-makikomi;uchi-mata-makikomi;ō-soto-makikomi;uchi-mata;;harai-makikomi;marrom;7-15harai-makikomi.png;Luiz Pavani;instagram.com/luizpavani;;Waza
Qual técnica está sendo demonstrada nessa imagem?;daki-age;ura-nage;yoko-gake;yoko-guruma;;daki-age;marrom;7-xdaki-age.png;Luiz Pavani;instagram.com/luizpavani;;Waza
Qual técnica está sendo demonstrada nessa imagem?;seoi-otoshi;ippon-seoi-nage;suwari-seoi;ippon;;seoi-otoshi;roxa;6-2seoi-otoshi.png;Luiz Pavani;instagram.com/luizpavani;;Waza
Qual técnica está sendo demonstrada nessa imagem?;ko-uchi-makikomi;ko-uchi-gari;ippon-seoi-nage;uchi-makikomi;;ko-uchi-makikomi;roxa;7-20ko-uchi-makikomi.png;Luiz Pavani;instagram.com/luizpavani;;Waza
Qual técnica está sendo demonstrada nessa imagem?;morote-gari;kuchiki-taoshi;kibisu-gaeshi;sukui-nage;;morote-gari;roxa;7-1morote-gari.png;Luiz Pavani;instagram.com/luizpavani;;Waza
Qual técnica está sendo demonstrada nessa imagem?;seoi-nage;seoi-otoshi;ippon-seoi-nage;tai-otoshi;;seoi-nage;roxa;NSEOI-OTOSHI.png;Luiz Pavani;instagram.com/luizpavani;;Waza
Qual técnica está sendo demonstrada nessa imagem?;sode-tsurikomi-goshi;tsurikomi-goshi;ō-goshi;seoi-nage;;sode-tsurikomi-goshi;roxa;7-17sode-tsurikomi-goshi.png;Luiz Pavani;instagram.com/luizpavani;;Waza
Qual técnica está sendo demonstrada nessa imagem?;ō-soto-guruma;ō-soto-gari;ō-soto-otoshi;ō-soto-makikomi;;ō-soto-guruma;roxa;5-1o-soto-guruma.png;Luiz Pavani;instagram.com/luizpavani;;Waza
Qual técnica está sendo demonstrada nessa imagem?;uki-waza;tani-otoshi;yoko-wakare;tawara-gaeshi;;uki-waza;roxa;5-2uki-waza.png;Luiz Pavani;instagram.com/luizpavani;;Waza
Qual técnica está sendo demonstrada nessa imagem?;ura-nage;tani-otoshi;yoko-guruma;ushiro-goshi;;ura-nage;roxa;5-6ura-nage.png;Luiz Pavani;instagram.com/luizpavani;;Waza
Qual técnica está sendo demonstrada nessa imagem?;yoko-guruma;ura-nage;sumi-gaeshi;tomoe-nage;;yoko-guruma;roxa;5-4yoko-guruma.png;Luiz Pavani;instagram.com/luizpavani;;Waza
Qual técnica está sendo demonstrada nessa imagem?;ushiro-goshi;utsuri-goshi;ura-nage;tani-otoshi;;ushiro-goshi;roxa;5-5ushiro-goshi.png;Luiz Pavani;instagram.com/luizpavani;;Waza
Qual técnica está sendo demonstrada nessa imagem?;yoko-gake;yoko-guruma;okuri-ashi-harai;ko-soto-gake;;yoko-gake;roxa;5-8yoko-gake.png;Luiz Pavani;instagram.com/luizpavani;;Waza
Qual técnica está sendo demonstrada nessa imagem?;yoko-wakare;yoko-otoshi;uki-waza;yoko-guruma;;yoko-wakare;roxa;5-3yoko-wakare.png;Luiz Pavani;instagram.com/luizpavani;;Waza
Qual técnica está sendo demonstrada nessa imagem?;okuri-ashi-harai;de-ashi-harai;ko-soto-gari;sasae-tsurikomi-ashi;;okuri-ashi-harai;verde;2-5okuri-ashi-harai.png;Luiz Pavani;instagram.com/luizpavani;;Waza
Qual técnica está sendo demonstrada nessa imagem?;sumi-otoshi;tai-otoshi;seoi-otoshi;yoko-otoshi;;sumi-otoshi;verde;5-7sumi-otoshi.png;Luiz Pavani;instagram.com/luizpavani;;Waza
Qual técnica está sendo demonstrada nessa imagem?;hane-makikomi;harai-makikomi;soto-makikomi;uchi-makikomi;;hane-makikomi;verde;4-3hane-makikomi.gif;Luiz Pavani;instagram.com/luizpavani;;Waza
Qual técnica está sendo demonstrada nessa imagem?;soto-makikomi;harai-makikomi;hane-makikomi;ō-soto-makikomi;;soto-makikomi;verde;4-7soto-makikomi.png;Luiz Pavani;instagram.com/luizpavani;;Waza
Qual técnica está sendo demonstrada nessa imagem?;harai-goshi;koshi-guruma;uchi-mata;tai-otoshi;;harai-goshi;verde;2-7harai-goshi.png;Luiz Pavani;instagram.com/luizpavani;;Waza
Qual técnica está sendo demonstrada nessa imagem?;tani-otoshi;sukui-nage;uki-waza;tai-otoshi;;tani-otoshi;verde;4-2tani-otoshi.png;Luiz Pavani;instagram.com/luizpavani;;Waza
Qual técnica está sendo demonstrada nessa imagem?;sukui-nage;tani-otoshi;yoko-otoshi;tawara-gaeshi;;sukui-nage;verde;4-4sukui-nage.png;Luiz Pavani;instagram.com/luizpavani;;Waza
Qual técnica está sendo demonstrada nessa imagem?;sumi-gaeshi;tomoe-nage;tawara-gaeshi;yoko-wakare;;sumi-gaeshi;verde;4-1sumi-gaeshi.png;Luiz Pavani;instagram.com/luizpavani;;Waza
Qual técnica está sendo demonstrada nessa imagem?;utsuri-goshi;tsuri-goshi;ushiro-goshi;tsurikomi-goshi;;utsuri-goshi;verde;4-5utsuri-goshi.png;Luiz Pavani;instagram.com/luizpavani;;Waza